Workbook

Sheet README
A1: 2026 Tracking System (template for Google Sheets)
A3: How to use:
A4: 1) Import this .xlsx into Google Sheets (File → Import).
A5: 2) Your app/webapp should append rows into: Raw_Events (event logs) and Raw_Weekly (weekly inputs).
A6: 3) Maintain People list (or let the app create people and reference PersonID in Raw_Events).
A7: 4) Review Dashboard weekly; Monthly/Quarterly tabs support your review cadence.
A9: Data-entry principles:
A10: - Prefer event-based logging (multiple quick logs per day).
A11: - Weekly inputs are only: WorkHours + PersonalExpenses + ExcludedRenovationExpenses (+ optional NetWorth_RUB + notes).
A13: Key tabs:
A14: - Settings: targets and constants (blue cells are editable).
A15: - Raw_Events: event log (app writes here).
... A18: - Net worth KPI: fill Raw_Weekly → NetWorth_RUB (optional). Settings contains starting and target net worth.

Sheet Settings
A1: 2026 Tracking Targets & Constants
A3: Year | B3: 2026 | D3: Notes
A4: Year Start | B4: 46023 | D4: Edit blue cells only.
A5: Year End | B5: 46387
A6: Days in year | B6: =B5-B4+1
A7: As-of date (for dashboard) | B7: =TODAY()
A8: Max Raw_Events rows (for formulas) | B8: 8000
A9: Targets (from plan)
A10: Metric | B10: Time scale | C10: Target | D10: Unit | E10: Plan reference / notes
A11: Expenses (personal, excl. renovation) | B11: Annual cap | C11: 9000000 | D11: RUB | E11: Total expenses <9m; excludes ex-partner renovation
A12: Expenses (personal) | B12: Weekly cap | C12: 175000 | D12: RUB | E12: Weekly expenses <175k
A13: Work hours | B13: Weekly target | C13: 55 | D13: hours | E13: Work hours <55/week
A14: Deal spike threshold | B14: Weekly trigger | C14: 60 | D14: hours | E14: Busy Week Protocol triggers >60h
A15: Mindfulness | B15: Weekly target | C15: 100 | D15: minutes | E15: Mindfulness 100 min/week
A16: Net worth (RUB) | B16: Year-end target | C16: 120000000 | D16: RUB | E16: Desired net worth outcome: RUB >120m (starting: ca. RUB 88m)
A17: Posture training (15 min session) | B17: Daily target | C17: 1 | D17: session | E17: 1 session/day; session = 15 min
A18: Sleep | B18: Average | C18: 7.5 | D18: hours/day | E18: Sleep 7:30 average
A19: Alcohol | B19: Average cap | C19: 0.4 | D19: std drinks/day | E19: Alcohol <0.4 average
A20: Cigarettes | B20: Annual cap | C20: 100 | D20: cigarettes | E20: Cigarettes <100/year
A21: Unhealthy meals & snacks | B21: Annual cap | C21: 150 | D21: count | E21: Unhealthy meals/snacks <150/year
A22: Workouts skipped | B22: Annual cap | C22: 8 | D22: count | E22: Workouts skipped <8/year
... A42: Net worth starting (RUB) | B42: Baseline | C42: 88000000 | D42: RUB | E42: Starting net worth: ca. RUB 88m (plan baseline)

Sheet Metric_Catalog
A1: Metric Catalog (used by app and validations)
A2: MetricCode | B2: MetricName | C2: Category | D2: Storage | E2: DefaultUnit | F2: ValueType | G2: NeedsPerson? | H2: NeedsTemplate? | I2: DefaultStep | J2: Presets | K2: Active? | L2: Notes
A3: SLEEP_HOURS | B3: Sleep hours | C3: Health | D3: Event | E3: hours | F3: number | G3: No | H3: No | I3: 0.25 | J3: 6,7,7.5,8,9 | K3: 1 | L3: Can be imported from Apple Health; use occurred_at as night end time or morning.
A4: POSTURE_SESSION | B4: Posture training session | C4: Health | D4: Event | E4: session | F4: boolean | G4: No | H4: No | I4: 1 | J4: 1 | K4: 1 | L4: 1 session assumed = 15 min per plan.
A5: WORKOUT | B5: Strength workout session | C5: Health | D5: Event | E5: count | F5: boolean | G5: No | H5: No | I5: 1 | K5: 1 | L5: Workout completed (optional; helps context).
A6: WORKOUT_SKIPPED | B6: Workout skipped | C6: Health | D6: Event | E6: count | F6: boolean | G6: No | H6: No | I6: 1 | K6: 1 | L6: Log when a planned session is skipped (excluding medical if desired via tag).
A7: LEAN_BODY_WEIGHT_KG | B7: Lean body weight (kg) | C7: Health | D7: Body | E7: kg | F7: number | G7: No | H7: No | I7: 0.1 | K7: 1 | L7: Optional body metric snapshot; used for +4kg target.
A8: UNHEALTHY_MEAL | B8: Unhealthy meal/snack | C8: Health | D8: Event | E8: count | F8: number | G8: No | H8: No | I8: 1 | J8: 1 | K8: 1 | L8: Unhealthy defined in plan; log as count.
A9: CIGARETTES | B9: Cigarettes smoked | C9: Health | D9: Event | E9: count | F9: number | G9: No | H9: No | I9: 1 | J9: 1,2,3,5,10 | K9: 1 | L9: Annual cap <100.
A10: ALCOHOL | B10: Alcohol servings (uses template) | C10: Health | D10: Event | E10: servings | F10: number | G10: No | H10: Yes | I10: 1 | J10: 0.5,1,2,3 | K10: 1 | L10: Value is servings; StdDrinks computed using Drink_Templates.
A11: MINDFULNESS_MIN | B11: Mindfulness minutes | C11: Mindfulness | D11: Event | E11: minutes | F11: number | G11: No | H11: No | I11: 5 | J11: 5,10,15,20,30 | K11: 1 | L11: Weekly target 100 min; 4+ days/week.
A12: TRAINING_MIN | B12: Public speaking/presentation training | C12: Career | D12: Event | E12: minutes | F12: number | G12: No | H12: No | I12: 15 | J12: 15,30,45,60,90 | K12: 1 | L12: Counts toward 100h annual training.
A13: DICTION_TRAINING_MIN | B13: Diction / speech therapy training minutes | C13: Career | D13: Event | E13: minutes | F13: number | G13: No | H13: No | I13: 15 | J13: 15,30,45,60 | K13: 1 | L13: Speech therapist sessions; supports diction improvement metric.
A14: VOICE_SAMPLE | B14: Voice sample recording | C14: Career | D14: Event | E14: count | F14: boolean | G14: No | H14: No | I14: 1 | K14: 1 | L14: Log when you record baseline or periodic samples.
A15: BOOK_FINISHED | B15: Book finished | C15: Career | D15: Event | E15: count | F15: boolean | G15: No | H15: No | I15: 1 | K15: 1 | L15: Counts toward 15 books annual.
A16: PRO_CONTACT_ADDED | B16: New professional contact added | C16: Career | D16: Event | E16: count | F16: boolean | G16: Yes | H16: No | I16: 1 | K16: 1 | L16: Requires PersonID (Type=Pro).
A17: ORIGINATION_ACTION | B17: Origination action (weekly) | C17: Career | D17: Event | E17: count | F17: boolean | G17: No | H17: No | I17: 1 | K17: 1 | L17: Plan metric: at least 1 per week; use tags for subtype (chat/memo/pitch).
A18: INITIATIVE_IDEA | B18: Initiative idea captured | C18: Career | D18: Event | E18: count | F18: boolean | G18: No | H18: No | I18: 1 | K18: 1 | L18: Used to maintain list of 10 initiative ideas (project hygiene).
A19: STAKEHOLDER_CHAT | B19: Stakeholder conversation | C19: Career | D19: Event | E19: count | F19: boolean | G19: Yes | H19: No | I19: 1 | K19: 1 | L19: Project activity; can be counted toward origination actions.
A20: MEMO_WRITTEN | B20: Written memo | C20: Career | D20: Event | E20: count | F20: boolean | G20: No | H20: No | I20: 1 | K20: 1 | L20: Project output; quarterly minimum.
A21: INITIATIVE_PRESENTED_VP | B21: Initiative presented to VP | C21: Career | D21: Event | E21: count | F21: boolean | G21: No | H21: No | I21: 1 | K21: 1 | L21: Annual target 2.
A22: SOCIAL_MEET | B22: Informal social meeting | C22: Social | D22: Event | E22: count | F22: boolean | G22: Yes | H22: No | I22: 1 | K22: 1 | L22: Informal only; use PersonID (Type=Social).
A23: COMMUNITY_SESSION | B23: Community session attended | C23: Social | D23: Event | E23: count | F23: boolean | G23: No | H23: No | I23: 1 | K23: 1 | L23: Use tags to identify community; used for Q1 milestone.
A24: HOSTED_EVENT | B24: Hosted/organized social event | C24: Social | D24: Event | E24: count | F24: boolean | G24: No | H24: No | I24: 1 | K24: 1 | L24: Counts toward hosting milestones.
A25: DATE | B25: Date | C25: Dating | D25: Event | E25: count | F25: boolean | G25: Yes | H25: No | I25: 1 | K25: 1 | L25: Use PersonID (Type=Romance).
... A28: RELATIONSHIP_END | B28: Relationship end | C28: Dating | D28: Event | E28: count | F28: boolean | G28: Yes | H28: No | I28: 1 | K28: 1 | L28: Helper for duration/stop condition.
A29: IDEA | B29: Idea captured | C29: Creativity | D29: Event | E29: count | F29: number | G29: No | H29: No | I29: 1 | J29: 1,2,3,5,10 | K29: 1 | L29: Weekly target 10; annual 500.
A30: IDEA_STAR | B30: Starred idea of the week | C30: Creativity | D30: Event | E30: count | F30: boolean | G30: No | H30: No | I30: 1 | K30: 1 | L30: Supports weekly 20-min review protocol.
A31: NEW_ACTIVITY | B31: New activity tried | C31: Creativity | D31: Event | E31: count | F31: boolean | G31: No | H31: No | I31: 1 | K31: 1 | L31: Annual target 12.
A32: TRAVEL_NIGHT | B32: Travel night | C32: Creativity | D32: Event | E32: nights | F32: number | G32: No | H32: No | I32: 1 | J32: 1 | K32: 1 | L32: Annual target >10 nights (tracked as 11+).
A33: COOKING_SESSION | B33: Cooking session (anchor hobby) | C33: Creativity | D33: Event | E33: count | F33: boolean | G33: No | H33: No | I33: 1 | K33: 1 | L33: Anchor hobby.
A34: PISTOL_SHOOTING_SESSION | B34: Pistol shooting session (anchor hobby) | C34: Creativity | D34: Event | E34: count | F34: boolean | G34: No | H34: No | I34: 1 | K34: 1 | L34: Anchor hobby.
A35: WORKHOURS_WEEKLY | B35: Work hours (weekly) | C35: Work/Finance | D35: Weekly | E35: hours | F35: number | G35: No | H35: No | I35: 0.5 | K35: 1 | L35: Entered in Raw_Weekly; used for <55 goal and busy-week trigger.
A36: EXPENSES_PERSONAL_RUB | B36: Personal expenses (weekly) | C36: Work/Finance | D36: Weekly | E36: RUB | F36: number | G36: No | H36: No | I36: 1000 | K36: 1 | L36: Entered in Raw_Weekly; excludes renovation for annual cap.
A37: EXCLUDED_RENOVATION_RUB | B37: Excluded renovation expenses (weekly) | C37: Work/Finance | D37: Weekly | E37: RUB | F37: number | G37: No | H37: No | I37: 1000 | K37: 1 | L37: Excluded from annual expense cap reporting.
A38: NETWORTH_RUB | B38: Net worth snapshot (RUB) | C38: Work/Finance | D38: Weekly | E38: RUB | F38: number | G38: No | H38: No | I38: 100000 | K38: 1 | L38: Optional weekly snapshot in Raw_Weekly.
A39: DEALSPIKE_FLAG | B39: Deal spike flag | C39: Work/Finance | D39: Weekly | E39: boolean | F39: boolean | G39: No | H39: No | I39: 1 | J39: 0,1 | K39: 1 | L39: Optional; if 1 then Busy Week protocol applies even if hours<60.
A40: DEEP_WORK_HOURS | B40: Deep work hours | C40: Career | D40: Event | E40: hours | F40: number | G40: No | H40: No | I40: 0.5 | K40: 1 | L40: Future-vision metric; no 2026 target defined.
A41: PARTNER_QUALITY_TIME | B41: Quality time with partner | C41: Dating | D41: Event | E41: count | F41: boolean | G41: Yes | H41: No | I41: 1 | K41: 1 | L41: Future-vision metric; optional once in relationship.
A42: RELEVANT_CONTACT_APPROACH | B42: Relevant contact approached | C42: Career | D42: Event | E42: count | F42: boolean | G42: Yes | H42: No | I42: 1 | K42: 1 | L42: Future-vision metric; optional.
A43: EXERCISE_RESULT_KG | B43: Exercise result (kg) | C43: Health | D43: Event | E43: kg | F43: number | G43: No | H43: No | I43: 2.5 | K43: 1 | L43: Future-vision metric; optional PR tracking.
A44: EDUCATION_HOURS | B44: Education hours | C44: Education | D44: Event | E44: hours | F44: number | G44: No | H44: No | I44: 0.5 | J44: 0.5,1,2,3 | K44: 1 | L44: Learning and skill development time.
A45: HOBBY_HOURS | B45: Hobby hours | C45: Adventure | D45: Event | E45: hours | F45: number | G45: No | H45: No | I45: 0.5 | J45: 0.5,1,2,3 | K45: 1 | L45: Time spent on hobbies.
A46: INVESTMENT_COVERAGE | B46: Investment income coverage | C46: Finance | D46: Event | E46: percent | F46: number | G46: No | H46: No | I46: 1 | J46: 25,50,75,100 | K46: 1 | L46: Percent of expenses covered by investment income.
A47: ACTIVITY_CANCELLED | B47: Planned activity cancelled | C47: Adventure | D47: Event | E47: count | F47: boolean | G47: No | H47: No | I47: 1 | J47: 1 | K47: 1 | L47: Used for monthly trigger when planned activities are canceled.

Sheet Goal_Catalog
A1: Goal Catalog (config-driven; edit targets here)
A2: GoalID | B2: GoalName | C2: MetricCode | D2: TargetType | E2: TargetValue | F2: TargetUnit | G2: TimeScale | H2: StartDate | I2: EndDate | J2: Active? | K2: StopConditionType | L2: StopConditionValue | M2: Thresholds/Rules | N2: Notes
A3: G_EXPENSES_Y | B3: Annual expenses cap (excl renovation) | C3: EXPENSES_PERSONAL_RUB | D3: max | E3: =Settings!$C$11 | F3: RUB | G3: yearly | H3: =Settings!$B$4 | I3: =Settings!$B$5 | J3: 1 | M3: Annual cap excludes Raw_Weekly ExcludedRenovation_RUB. | N3: Uses Weekly expenses rollup.
A4: G_EXPENSES_W | B4: Weekly expenses cap | C4: EXPENSES_PERSONAL_RUB | D4: max | E4: =Settings!$C$12 | F4: RUB | G4: weekly | H4: =Settings!$B$4 | I4: =Settings!$B$5 | J4: 1
A5: G_WORKHOURS_W | B5: Work hours cap | C5: WORKHOURS_WEEKLY | D5: max | E5: =Settings!$C$13 | F5: hours | G5: weekly | H5: =Settings!$B$4 | I5: =Settings!$B$5 | J5: 1 | M5: Busy week trigger at Settings!$C$14 or DealSpikeFlag=1.
A6: G_MINDFUL_W_MIN | B6: Mindfulness minutes/week | C6: MINDFULNESS_MIN | D6: min | E6: =Settings!$C$15 | F6: min | G6: weekly | H6: =Settings!$B$4 | I6: =Settings!$B$5 | J6: 1 | M6: Also track days/week >=4.
A7: G_MINDFUL_W_DAYS | B7: Mindfulness days/week | C7: MINDFULNESS_MIN | D7: min_days | E7: 4 | F7: days | G7: weekly | H7: =Settings!$B$4 | I7: =Settings!$B$5 | J7: 1 | M7: Day counts as >=1 minute.
A8: G_POSTURE_D | B8: Posture daily session | C8: POSTURE_SESSION | D8: min | E8: =Settings!$C$17 | F8: sessions | G8: daily | H8: =Settings!$B$4 | I8: =Settings!$B$5 | J8: 1 | M8: 1 session/day (each session = 15 min per plan).
A9: G_SLEEP_AVG | B9: Sleep average | C9: SLEEP_HOURS | D9: avg_min | E9: =Settings!$C$18 | F9: hours/day | G9: yearly | H9: =Settings!$B$4 | I9: =Settings!$B$5 | J9: 1 | M9: Uses occurred_at date; set occurred_at to morning for each sleep entry.
A10: G_ALCOHOL_AVG | B10: Alcohol average cap | C10: ALCOHOL | D10: avg_max | E10: =Settings!$C$19 | F10: std drinks/day | G10: yearly | H10: =Settings!$B$4 | I10: =Settings!$B$5 | J10: 1 | M10: Uses implied cap line: avg*days elapsed.
A11: G_CIGS_Y | B11: Cigarettes annual cap | C11: CIGARETTES | D11: max | E11: =Settings!$C$20 | F11: cigs | G11: yearly | H11: =Settings!$B$4 | I11: =Settings!$B$5 | J11: 1
A12: G_UNHEALTHY_Y | B12: Unhealthy meals/snacks annual cap | C12: UNHEALTHY_MEAL | D12: max | E12: =Settings!$C$21 | F12: count | G12: yearly | H12: =Settings!$B$4 | I12: =Settings!$B$5 | J12: 1
A13: G_WORKOUTSKIP_Y | B13: Workout skips annual cap | C13: WORKOUT_SKIPPED | D13: max | E13: =Settings!$C$22 | F13: count | G13: yearly | H13: =Settings!$B$4 | I13: =Settings!$B$5 | J13: 1
A14: G_LBW_GAIN | B14: Lean body weight gain | C14: LEAN_BODY_WEIGHT_KG | D14: delta_min | E14: =Settings!$C$23 | F14: kg | G14: yearly | H14: =Settings!$B$4 | I14: =Settings!$B$5 | J14: 1 | M14: Delta = latest - baseline (first entry in year).
A15: G_BOOKS_Y | B15: Books read | C15: BOOK_FINISHED | D15: min | E15: =Settings!$C$24 | F15: books | G15: yearly | H15: =Settings!$B$4 | I15: =Settings!$B$5 | J15: 1
A16: G_TRAINING_Y | B16: Training hours | C16: TRAINING_MIN | D16: min | E16: =Settings!$C$25 | F16: hours | G16: yearly | H16: =Settings!$B$4 | I16: =Settings!$B$5 | J16: 1 | M16: Stored in minutes in Raw_Events; rollups convert to hours. Includes DICTION_TRAINING_MIN.
A17: G_PROCONTACTS_Y | B17: New professional contacts | C17: PRO_CONTACT_ADDED | D17: min | E17: =Settings!$C$26 | F17: people | G17: yearly | H17: =Settings!$B$4 | I17: =Settings!$B$5 | J17: 1 | M17: Count distinct people with >=1 PRO_CONTACT_ADDED.
A18: G_VP_PRES_Y | B18: Initiatives presented to VP | C18: INITIATIVE_PRESENTED_VP | D18: min | E18: =Settings!$C$27 | F18: count | G18: yearly | H18: =Settings!$B$4 | I18: =Settings!$B$5 | J18: 1
A19: G_ORIG_W | B19: Origination actions/week | C19: ORIGINATION_ACTION | D19: min | E19: 1 | F19: count | G19: weekly | H19: =Settings!$B$4 | I19: =Settings!$B$5 | J19: 1 | M19: Treat STAKEHOLDER_CHAT / MEMO_WRITTEN / VP_PRESENT as origination too (see Weekly_Agg).
A20: G_FRIENDS_2P | B20: People met 2+ times (social) | C20: SOCIAL_MEET | D20: min_unique_threshold | E20: =Settings!$C$35 | F20: people | G20: yearly | H20: =Settings!$B$4 | I20: =Settings!$B$5 | J20: 1 | M20: Computed from People.Meetings2026>=2 for Type=Social.
A21: G_FRIENDS_5P | B21: People met 5+ times (social) | C21: SOCIAL_MEET | D21: min_unique_threshold | E21: =Settings!$C$36 | F21: people | G21: yearly | H21: =Settings!$B$4 | I21: =Settings!$B$5 | J21: 1 | M21: Computed from People.Meetings2026>=5 for Type=Social.
A22: G_DATES_M | B22: New dates/month | C22: DATE | D22: min | E22: =Settings!$C$37 | F22: dates | G22: monthly | H22: =DATE(2026,6,1) | I22: =Settings!$B$5 | J22: 1 | K22: stop_on_relationship_start | L22: RELATIONSHIP_START | M22: Monthly target applies from June 2026; 0 target before. Stop when a RELATIONSHIP_START is logged (assumption).
A23: G_SEXPARTNERS_Y | B23: New sex partners | C23: SEX | D23: min_unique | E23: =Settings!$C$38 | F23: people | G23: yearly | H23: =Settings!$B$4 | I23: =Settings!$B$5 | J23: 1 | K23: stop_on_relationship_start | L23: RELATIONSHIP_START | M23: Stop when RELATIONSHIP_START logged (assumption).
A24: G_IDEAS_W | B24: Ideas/week | C24: IDEA | D24: min | E24: =Settings!$C$34 | F24: ideas | G24: weekly | H24: =Settings!$B$4 | I24: =Settings!$B$5 | J24: 1 | M24: Busy-week floor applies.
A25: G_IDEAS_Y | B25: Ideas annual | C25: IDEA | D25: min | E25: =Settings!$C$33 | F25: ideas | G25: yearly | H25: =Settings!$B$4 | I25: =Settings!$B$5 | J25: 1
A26: G_IDEA_REVIEW_W | B26: Star top idea/week | C26: IDEA_STAR | D26: min | E26: 1 | F26: count | G26: weekly | H26: =Settings!$B$4 | I26: =Settings!$B$5 | J26: 1 | M26: Protocol: weekly 20-minute review.
A27: G_NEWACT_Y | B27: New activities tried | C27: NEW_ACTIVITY | D27: min | E27: =Settings!$C$31 | F27: count | G27: yearly | H27: =Settings!$B$4 | I27: =Settings!$B$5 | J27: 1 | K27: paused_during_busy_week | L27: BusyWeek | M27: Paused in busy weeks per protocol.
A28: G_TRAVEL_Y | B28: Travel nights | C28: TRAVEL_NIGHT | D28: min | E28: =Settings!$C$32 | F28: nights | G28: yearly | H28: =Settings!$B$4 | I28: =Settings!$B$5 | J28: 1
A29: G_ANCHOR_Q | B29: Anchor hobby sessions/quarter (cooking+pistol) | C29: COOKING_SESSION | D29: min_combo | E29: 12 | F29: sessions | G29: quarterly | H29: =Settings!$B$4 | I29: =Settings!$B$5 | J29: 1 | M29: Counts COOKING_SESSION + PISTOL_SHOOTING_SESSION within quarter. | N29: Milestone-driven.
A30: G_NETWORTH_Y | B30: Net worth year-end target | C30: NETWORTH_RUB | D30: min | E30: =Settings!$C$16 | F30: RUB | G30: yearly | H30: =Settings!$B$4 | I30: =Settings!$B$5 | J30: 1 | M30: Uses latest NetWorth_RUB snapshot in Raw_Weekly.
A31: G_RELATIONSHIP_3M | B31: New romantic relationship duration >3 months | C31: RELATIONSHIP_START | D31: min_duration_days | E31: 90 | F31: days | G31: yearly | H31: =Settings!$B$4 | I31: =Settings!$B$5 | J31: 1 | M31: Derived: duration from latest RELATIONSHIP_START to RELATIONSHIP_END (or as-of) in Dashboard.

Sheet Tile_Catalog
A1: Tile Catalog (app home screen configuration)
A2: TileID | B2: DisplayName | C2: MetricCode | D2: WidgetType | E2: DefaultValue | F2: Step | G2: Unit | H2: NeedsPerson? | I2: NeedsTemplate? | J2: Presets | K2: Order | L2: Active? | M2: Notes
A3: T_IDEA | B3: Idea +1 | C3: IDEA | D3: stepper | E3: 1 | F3: 1 | G3: count | H3: No | I3: No | J3: 1,2,3,5,10 | K3: 1 | L3: 1 | M3: Primary capture tile; supports adding multiple at once.
A4: T_IDEA_STAR | B4: Star top idea | C4: IDEA_STAR | D4: toggle | E4: 1 | F4: 1 | G4: count | H4: No | I4: No | K4: 2 | L4: 1 | M4: Weekly review habit.
A5: T_CIGS | B5: Cigarettes | C5: CIGARETTES | D5: stepper | E5: 1 | F5: 1 | G5: cigs | H5: No | I5: No | J5: 1,2,3,5 | K5: 3 | L5: 1
A6: T_ALCOHOL | B6: Alcohol (template) | C6: ALCOHOL | D6: template_stepper | E6: 1 | F6: 0.5 | G6: servings | H6: No | I6: Yes | K6: 4 | L6: 1 | M6: Choose DrinkTemplate then servings; StdDrinks computed in sheet.
A7: T_MINDFUL | B7: Mindfulness | C7: MINDFULNESS_MIN | D7: minute_picker | E7: 10 | F7: 5 | G7: min | H7: No | I7: No | J7: 5,10,15,20,30 | K7: 5 | L7: 1 | M7: Can be automated from Apple Health if available.
A8: T_POSTURE | B8: Posture (done) | C8: POSTURE_SESSION | D8: toggle | E8: 1 | F8: 1 | G8: session | H8: No | I8: No | J8: 1 | K8: 6 | L8: 1
A9: T_SLEEP | B9: Sleep | C9: SLEEP_HOURS | D9: duration_picker | E9: 7.5 | F9: 0.25 | G9: hours | H9: No | I9: No | J9: 6,7,7.5,8,9 | K9: 7 | L9: 1 | M9: Prefer automation from Apple Health; fallback manual.
A10: T_WORKOUT | B10: Workout done | C10: WORKOUT | D10: toggle | E10: 1 | F10: 1 | G10: count | H10: No | I10: No | K10: 8 | L10: 1 | M10: Optional.
A11: T_WORKOUT_SKIP | B11: Workout skipped | C11: WORKOUT_SKIPPED | D11: toggle | E11: 1 | F11: 1 | G11: count | H11: No | I11: No | K11: 9 | L11: 1
A12: T_UNHEALTHY | B12: Unhealthy meal/snack | C12: UNHEALTHY_MEAL | D12: toggle | E12: 1 | F12: 1 | G12: count | H12: No | I12: No | K12: 10 | L12: 1
A13: T_SOCIAL | B13: Social meet | C13: SOCIAL_MEET | D13: person_toggle | E13: 1 | F13: 1 | G13: count | H13: Yes | I13: No | J13: favorites | K13: 11 | L13: 1 | M13: Person picker required.
A14: T_COMMUNITY | B14: Community session | C14: COMMUNITY_SESSION | D14: tag_toggle | E14: 1 | F14: 1 | G14: count | H14: No | I14: No | J14: community:<name> | K14: 12 | L14: 1 | M14: Tag should include community:<name> for reporting.
A15: T_HOST | B15: Hosted event | C15: HOSTED_EVENT | D15: toggle | E15: 1 | F15: 1 | G15: count | H15: No | I15: No | K15: 13 | L15: 1
A16: T_DATE | B16: Date | C16: DATE | D16: person_toggle | E16: 1 | F16: 1 | G16: count | H16: Yes | I16: No | K16: 14 | L16: 1
A17: T_SEX | B17: Sex | C17: SEX | D17: person_toggle | E17: 1 | F17: 1 | G17: count | H17: Yes | I17: No | K17: 15 | L17: 1
A18: T_REL_START | B18: Relationship start | C18: RELATIONSHIP_START | D18: person_toggle | E18: 1 | F18: 1 | G18: count | H18: Yes | I18: No | K18: 16 | L18: 1 | M18: Stop condition for dating goals (assumption).
A19: T_REL_END | B19: Relationship end | C19: RELATIONSHIP_END | D19: person_toggle | E19: 1 | F19: 1 | G19: count | H19: Yes | I19: No | K19: 17 | L19: 1
A20: T_TRAIN | B20: Training session | C20: TRAINING_MIN | D20: minute_picker | E20: 60 | F20: 15 | G20: min | H20: No | I20: No | J20: 15,30,45,60,90 | K20: 18 | L20: 1
A21: T_VOICE | B21: Voice sample | C21: VOICE_SAMPLE | D21: toggle | E21: 1 | F21: 1 | G21: count | H21: No | I21: No | K21: 19 | L21: 1
A22: T_BOOK | B22: Book finished | C22: BOOK_FINISHED | D22: toggle | E22: 1 | F22: 1 | G22: count | H22: No | I22: No | K22: 20 | L22: 1
A23: T_ORIG | B23: Origination action | C23: ORIGINATION_ACTION | D23: toggle | E23: 1 | F23: 1 | G23: count | H23: No | I23: No | J23: stakeholder_chat,memo,pitch | K23: 21 | L23: 1 | M23: Use tags for subtype.
A24: T_PRO_CONTACT | B24: Add pro contact | C24: PRO_CONTACT_ADDED | D24: person_toggle | E24: 1 | F24: 1 | G24: count | H24: Yes | I24: No | K24: 22 | L24: 1
A25: T_STAKE_CHAT | B25: Stakeholder chat | C25: STAKEHOLDER_CHAT | D25: person_toggle | E25: 1 | F25: 1 | G25: count | H25: Yes | I25: No | K25: 23 | L25: 1 | M25: Optional detail beyond ORIGINATION_ACTION.
A26: T_MEMO | B26: Memo written | C26: MEMO_WRITTEN | D26: toggle | E26: 1 | F26: 1 | G26: count | H26: No | I26: No | K26: 24 | L26: 1
A27: T_VP_PITCH | B27: Presented to VP | C27: INITIATIVE_PRESENTED_VP | D27: toggle | E27: 1 | F27: 1 | G27: count | H27: No | I27: No | K27: 25 | L27: 1
A28: T_INIT_IDEA | B28: Initiative idea | C28: INITIATIVE_IDEA | D28: toggle | E28: 1 | F28: 1 | G28: count | H28: No | I28: No | K28: 26 | L28: 1
A29: T_NEW_ACT | B29: New activity tried | C29: NEW_ACTIVITY | D29: toggle | E29: 1 | F29: 1 | G29: count | H29: No | I29: No | K29: 27 | L29: 1
A30: T_TRAVEL | B30: Travel night(s) | C30: TRAVEL_NIGHT | D30: stepper | E30: 1 | F30: 1 | G30: nights | H30: No | I30: No | J30: 1,2,3,5 | K30: 28 | L30: 1
A31: T_COOK | B31: Cooking session | C31: COOKING_SESSION | D31: toggle | E31: 1 | F31: 1 | G31: count | H31: No | I31: No | K31: 29 | L31: 1
A32: T_PISTOL | B32: Pistol shooting | C32: PISTOL_SHOOTING_SESSION | D32: toggle | E32: 1 | F32: 1 | G32: count | H32: No | I32: No | K32: 30 | L32: 1
A33: T_DEEP_WORK | B33: Deep work hours | C33: DEEP_WORK_HOURS | D33: duration_picker | E33: 1 | F33: 0.5 | G33: hours | H33: No | I33: No | J33: 0.5,1,2,3 | K33: 31 | L33: 1 | M33: Log focused deep work time.
A34: T_EDU_HOURS | B34: Education hours | C34: EDUCATION_HOURS | D34: duration_picker | E34: 1 | F34: 0.5 | G34: hours | H34: No | I34: No | J34: 0.5,1,2,3 | K34: 32 | L34: 1 | M34: Learning / study time.
A35: T_PARTNER_QT | B35: Partner quality time | C35: PARTNER_QUALITY_TIME | D35: toggle | E35: 1 | F35: 1 | G35: count | H35: No | I35: No | K35: 33 | L35: 1 | M35: Quality time event.
A36: T_HOBBY_HOURS | B36: Hobby hours | C36: HOBBY_HOURS | D36: duration_picker | E36: 1 | F36: 0.5 | G36: hours | H36: No | I36: No | J36: 0.5,1,2,3 | K36: 34 | L36: 1 | M36: Hobby time.
A37: T_INVEST_COVER | B37: Investment coverage % | C37: INVESTMENT_COVERAGE | D37: stepper | E37: 1 | F37: 1 | G37: % | H37: No | I37: No | J37: 25,50,75,100 | K37: 35 | L37: 1 | M37: Percent of expenses covered by investment income.
A38: T_REL_CONTACT | B38: Relevant contact approached | C38: RELEVANT_CONTACT_APPROACH | D38: person_toggle | E38: 1 | F38: 1 | G38: count | H38: Yes | I38: No | K38: 36 | L38: 1 | M38: Log meaningful outreach to a relevant contact.
A39: T_EXERCISE_RESULT | B39: Exercise result | C39: EXERCISE_RESULT_KG | D39: stepper | E39: 2.5 | F39: 2.5 | G39: kg | H39: No | I39: No | J39: 2.5,5,10,20 | K39: 37 | L39: 1 | M39: Log key exercise result (kg).
A40: T_ACTIVITY_CANCEL | B40: Planned activity cancelled | C40: ACTIVITY_CANCELLED | D40: toggle | E40: 1 | F40: 1 | G40: count | H40: No | I40: No | K40: 38 | L40: 1 | M40: Use when canceling a planned activity.
A41: T_DICT | B41: Diction training | C41: DICTION_TRAINING_MIN | D41: minute_picker | E41: 30 | F41: 15 | G41: min | H41: No | I41: No | J41: 15,30,45,60,90 | K41: 39 | L41: 1 | M41: Speech therapist sessions (supports diction improvement metric).

Sheet Drink_Templates
A1: Drink Templates (for ALCOHOL logging; app should compute StdDrinks)
A2: DrinkTemplateID | B2: Name | C2: Category | D2: Volume_ml | E2: ABV | F2: Ethanol_g | G2: StdDrinks(14g)
A3: BEER_330_5 | B3: Beer 330ml (5%) | C3: Beer | D3: 330 | E3: 5 | F3: 13 | G3: 0.93
A4: BEER_500_5 | B4: Beer 500ml (5%) | C4: Beer | D4: 500 | E4: 5 | F4: 19.7 | G4: 1.41
A5: WINE_125_12_5 | B5: Wine 125ml (12.5%) | C5: Wine | D5: 125 | E5: 12.5 | F5: =F6/150*125 | G5: =G6/150*125
A6: WINE_150_12_5 | B6: Wine 150ml (12.5%) | C6: Wine | D6: 150 | E6: 12.5 | F6: 14.8 | G6: 1.06
A7: WINE_200_12_5 | B7: Wine 200ml (12.5%) | C7: Wine | D7: 200 | E7: 12.5 | F7: 19.7 | G7: 1.41
A8: SPIRITS_50_40 | B8: Spirits 50ml (40%) | C8: Spirits | D8: 50 | E8: 40 | F8: 15.8 | G8: 1.13
A9: SPIRITS_100_40 | B9: Spirits 100ml (40%) | C9: Spirits | D9: 100 | E9: 40 | F9: 31.6 | G9: 2.25
A10: COCKTAIL_STD | B10: Cocktail (default) | C10: Cocktail | D10: 150 | E10: 15 | F10: 17.8 | G10: 1.27

Sheet People
A1: People (for Social / Professional / Romance tracking)
A2: PersonID | B2: Name | C2: Type | D2: FirstMet | E2: Notes | F2: Meetings2026 | G2: Dates2026 | H2: Sex2026 | I2: ProContacts2026
A3: P0001 | B3: (example) Alex | C3: Social | D3: 46027 | F3: =IF($A3="","",COUNTIFS(Raw_Events!$G:$G,"SOCIAL_MEET",Raw_Events!$J:$J,$A3,Raw_Events!$C:$C,">="&Settings!$B$4,Raw_Events!$C:$C,"<="&Settings!$B$5)) | G3: =IF($A3="","",COUNTIFS(Raw_Events!$G:$G,"DATE",Raw_Events!$J:$J,$A3,Raw_Events!$C:$C,">="&Settings!$B$4,Raw_Events!$C:$C,"<="&Settings!$B$5)) | H3: =IF($A3="","",COUNTIFS(Raw_Events!$G:$G,"SEX",Raw_Events!$J:$J,$A3,Raw_Events!$C:$C,">="&Settings!$B$4,Raw_Events!$C:$C,"<="&Settings!$B$5)) | I3: =IF($A3="","",COUNTIFS(Raw_Events!$G:$G,"PRO_CONTACT_ADDED",Raw_Events!$J:$J,$A3,Raw_Events!$C:$C,">="&Settings!$B$4,Raw_Events!$C:$C,"<="&Settings!$B$5))
F4: =IF($A4="","",COUNTIFS(Raw_Events!$G:$G,"SOCIAL_MEET",Raw_Events!$J:$J,$A4,Raw_Events!$C:$C,">="&Settings!$B$4,Raw_Events!$C:$C,"<="&Settings!$B$5)) | G4: =IF($A4="","",COUNTIFS(Raw_Events!$G:$G,"DATE",Raw_Events!$J:$J,$A4,Raw_Events!$C:$C,">="&Settings!$B$4,Raw_Events!$C:$C,"<="&Settings!$B$5)) | H4: =IF($A4="","",COUNTIFS(Raw_Events!$G:$G,"SEX",Raw_Events!$J:$J,$A4,Raw_Events!$C:$C,">="&Settings!$B$4,Raw_Events!$C:$C,"<="&Settings!$B$5)) | I4: =IF($A4="","",COUNTIFS(Raw_Events!$G:$G,"PRO_CONTACT_ADDED",Raw_Events!$J:$J,$A4,Raw_Events!$C:$C,">="&Settings!$B$4,Raw_Events!$C:$C,"<="&Settings!$B$5))
F5: =IF($A5="","",COUNTIFS(Raw_Events!$G:$G,"SOCIAL_MEET",Raw_Events!$J:$J,$A5,Raw_Events!$C:$C,">="&Settings!$B$4,Raw_Events!$C:$C,"<="&Settings!$B$5)) | G5: =IF($A5="","",COUNTIFS(Raw_Events!$G:$G,"DATE",Raw_Events!$J:$J,$A5,Raw_Events!$C:$C,">="&Settings!$B$4,Raw_Events!$C:$C,"<="&Settings!$B$5)) | H5: =IF($A5="","",COUNTIFS(Raw_Events!$G:$G,"SEX",Raw_Events!$J:$J,$A5,Raw_Events!$C:$C,">="&Settings!$B$4,Raw_Events!$C:$C,"<="&Settings!$B$5)) | I5: =IF($A5="","",COUNTIFS(Raw_Events!$G:$G,"PRO_CONTACT_ADDED",Raw_Events!$J:$J,$A5,Raw_Events!$C:$C,">="&Settings!$B$4,Raw_Events!$C:$C,"<="&Settings!$B$5))
F6: =IF($A6="","",COUNTIFS(Raw_Events!$G:$G,"SOCIAL_MEET",Raw_Events!$J:$J,$A6,Raw_Events!$C:$C,">="&Settings!$B$4,Raw_Events!$C:$C,"<="&Settings!$B$5)) | G6: =IF($A6="","",COUNTIFS(Raw_Events!$G:$G,"DATE",Raw_Events!$J:$J,$A6,Raw_Events!$C:$C,">="&Settings!$B$4,Raw_Events!$C:$C,"<="&Settings!$B$5)) | H6: =IF($A6="","",COUNTIFS(Raw_Events!$G:$G,"SEX",Raw_Events!$J:$J,$A6,Raw_Events!$C:$C,">="&Settings!$B$4,Raw_Events!$C:$C,"<="&Settings!$B$5)) | I6: =IF($A6="","",COUNTIFS(Raw_Events!$G:$G,"PRO_CONTACT_ADDED",Raw_Events!$J:$J,$A6,Raw_Events!$C:$C,">="&Settings!$B$4,Raw_Events!$C:$C,"<="&Settings!$B$5))
F7: =IF($A7="","",COUNTIFS(Raw_Events!$G:$G,"SOCIAL_MEET",Raw_Events!$J:$J,$A7,Raw_Events!$C:$C,">="&Settings!$B$4,Raw_Events!$C:$C,"<="&Settings!$B$5)) | G7: =IF($A7="","",COUNTIFS(Raw_Events!$G:$G,"DATE",Raw_Events!$J:$J,$A7,Raw_Events!$C:$C,">="&Settings!$B$4,Raw_Events!$C:$C,"<="&Settings!$B$5)) | H7: =IF($A7="","",COUNTIFS(Raw_Events!$G:$G,"SEX",Raw_Events!$J:$J,$A7,Raw_Events!$C:$C,">="&Settings!$B$4,Raw_Events!$C:$C,"<="&Settings!$B$5)) | I7: =IF($A7="","",COUNTIFS(Raw_Events!$G:$G,"PRO_CONTACT_ADDED",Raw_Events!$J:$J,$A7,Raw_Events!$C:$C,">="&Settings!$B$4,Raw_Events!$C:$C,"<="&Settings!$B$5))
F8: =IF($A8="","",COUNTIFS(Raw_Events!$G:$G,"SOCIAL_MEET",Raw_Events!$J:$J,$A8,Raw_Events!$C:$C,">="&Settings!$B$4,Raw_Events!$C:$C,"<="&Settings!$B$5)) | G8: =IF($A8="","",COUNTIFS(Raw_Events!$G:$G,"DATE",Raw_Events!$J:$J,$A8,Raw_Events!$C:$C,">="&Settings!$B$4,Raw_Events!$C:$C,"<="&Settings!$B$5)) | H8: =IF($A8="","",COUNTIFS(Raw_Events!$G:$G,"SEX",Raw_Events!$J:$J,$A8,Raw_Events!$C:$C,">="&Settings!$B$4,Raw_Events!$C:$C,"<="&Settings!$B$5)) | I8: =IF($A8="","",COUNTIFS(Raw_Events!$G:$G,"PRO_CONTACT_ADDED",Raw_Events!$J:$J,$A8,Raw_Events!$C:$C,">="&Settings!$B$4,Raw_Events!$C:$C,"<="&Settings!$B$5))
F9: =IF($A9="","",COUNTIFS(Raw_Events!$G:$G,"SOCIAL_MEET",Raw_Events!$J:$J,$A9,Raw_Events!$C:$C,">="&Settings!$B$4,Raw_Events!$C:$C,"<="&Settings!$B$5)) | G9: =IF($A9="","",COUNTIFS(Raw_Events!$G:$G,"DATE",Raw_Events!$J:$J,$A9,Raw_Events!$C:$C,">="&Settings!$B$4,Raw_Events!$C:$C,"<="&Settings!$B$5)) | H9: =IF($A9="","",COUNTIFS(Raw_Events!$G:$G,"SEX",Raw_Events!$J:$J,$A9,Raw_Events!$C:$C,">="&Settings!$B$4,Raw_Events!$C:$C,"<="&Settings!$B$5)) | I9: =IF($A9="","",COUNTIFS(Raw_Events!$G:$G,"PRO_CONTACT_ADDED",Raw_Events!$J:$J,$A9,Raw_Events!$C:$C,">="&Settings!$B$4,Raw_Events!$C:$C,"<="&Settings!$B$5))
F10: =IF($A10="","",COUNTIFS(Raw_Events!$G:$G,"SOCIAL_MEET",Raw_Events!$J:$J,$A10,Raw_Events!$C:$C,">="&Settings!$B$4,Raw_Events!$C:$C,"<="&Settings!$B$5)) | G10: =IF($A10="","",COUNTIFS(Raw_Events!$G:$G,"DATE",Raw_Events!$J:$J,$A10,Raw_Events!$C:$C,">="&Settings!$B$4,Raw_Events!$C:$C,"<="&Settings!$B$5)) | H10: =IF($A10="","",COUNTIFS(Raw_Events!$G:$G,"SEX",Raw_Events!$J:$J,$A10,Raw_Events!$C:$C,">="&Settings!$B$4,Raw_Events!$C:$C,"<="&Settings!$B$5)) | I10: =IF($A10="","",COUNTIFS(Raw_Events!$G:$G,"PRO_CONTACT_ADDED",Raw_Events!$J:$J,$A10,Raw_Events!$C:$C,">="&Settings!$B$4,Raw_Events!$C:$C,"<="&Settings!$B$5))
F11: =IF($A11="","",COUNTIFS(Raw_Events!$G:$G,"SOCIAL_MEET",Raw_Events!$J:$J,$A11,Raw_Events!$C:$C,">="&Settings!$B$4,Raw_Events!$C:$C,"<="&Settings!$B$5)) | G11: =IF($A11="","",COUNTIFS(Raw_Events!$G:$G,"DATE",Raw_Events!$J:$J,$A11,Raw_Events!$C:$C,">="&Settings!$B$4,Raw_Events!$C:$C,"<="&Settings!$B$5)) | H11: =IF($A11="","",COUNTIFS(Raw_Events!$G:$G,"SEX",Raw_Events!$J:$J,$A11,Raw_Events!$C:$C,">="&Settings!$B$4,Raw_Events!$C:$C,"<="&Settings!$B$5)) | I11: =IF($A11="","",COUNTIFS(Raw_Events!$G:$G,"PRO_CONTACT_ADDED",Raw_Events!$J:$J,$A11,Raw_Events!$C:$C,">="&Settings!$B$4,Raw_Events!$C:$C,"<="&Settings!$B$5))
F12: =IF($A12="","",COUNTIFS(Raw_Events!$G:$G,"SOCIAL_MEET",Raw_Events!$J:$J,$A12,Raw_Events!$C:$C,">="&Settings!$B$4,Raw_Events!$C:$C,"<="&Settings!$B$5)) | G12: =IF($A12="","",COUNTIFS(Raw_Events!$G:$G,"DATE",Raw_Events!$J:$J,$A12,Raw_Events!$C:$C,">="&Settings!$B$4,Raw_Events!$C:$C,"<="&Settings!$B$5)) | H12: =IF($A12="","",COUNTIFS(Raw_Events!$G:$G,"SEX",Raw_Events!$J:$J,$A12,Raw_Events!$C:$C,">="&Settings!$B$4,Raw_Events!$C:$C,"<="&Settings!$B$5)) | I12: =IF($A12="","",COUNTIFS(Raw_Events!$G:$G,"PRO_CONTACT_ADDED",Raw_Events!$J:$J,$A12,Raw_Events!$C:$C,">="&Settings!$B$4,Raw_Events!$C:$C,"<="&Settings!$B$5))
F13: =IF($A13="","",COUNTIFS(Raw_Events!$G:$G,"SOCIAL_MEET",Raw_Events!$J:$J,$A13,Raw_Events!$C:$C,">="&Settings!$B$4,Raw_Events!$C:$C,"<="&Settings!$B$5)) | G13: =IF($A13="","",COUNTIFS(Raw_Events!$G:$G,"DATE",Raw_Events!$J:$J,$A13,Raw_Events!$C:$C,">="&Settings!$B$4,Raw_Events!$C:$C,"<="&Settings!$B$5)) | H13: =IF($A13="","",COUNTIFS(Raw_Events!$G:$G,"SEX",Raw_Events!$J:$J,$A13,Raw_Events!$C:$C,">="&Settings!$B$4,Raw_Events!$C:$C,"<="&Settings!$B$5)) | I13: =IF($A13="","",COUNTIFS(Raw_Events!$G:$G,"PRO_CONTACT_ADDED",Raw_Events!$J:$J,$A13,Raw_Events!$C:$C,">="&Settings!$B$4,Raw_Events!$C:$C,"<="&Settings!$B$5))
F14: =IF($A14="","",COUNTIFS(Raw_Events!$G:$G,"SOCIAL_MEET",Raw_Events!$J:$J,$A14,Raw_Events!$C:$C,">="&Settings!$B$4,Raw_Events!$C:$C,"<="&Settings!$B$5)) | G14: =IF($A14="","",COUNTIFS(Raw_Events!$G:$G,"DATE",Raw_Events!$J:$J,$A14,Raw_Events!$C:$C,">="&Settings!$B$4,Raw_Events!$C:$C,"<="&Settings!$B$5)) | H14: =IF($A14="","",COUNTIFS(Raw_Events!$G:$G,"SEX",Raw_Events!$J:$J,$A14,Raw_Events!$C:$C,">="&Settings!$B$4,Raw_Events!$C:$C,"<="&Settings!$B$5)) | I14: =IF($A14="","",COUNTIFS(Raw_Events!$G:$G,"PRO_CONTACT_ADDED",Raw_Events!$J:$J,$A14,Raw_Events!$C:$C,">="&Settings!$B$4,Raw_Events!$C:$C,"<="&Settings!$B$5))
F15: =IF($A15="","",COUNTIFS(Raw_Events!$G:$G,"SOCIAL_MEET",Raw_Events!$J:$J,$A15,Raw_Events!$C:$C,">="&Settings!$B$4,Raw_Events!$C:$C,"<="&Settings!$B$5)) | G15: =IF($A15="","",COUNTIFS(Raw_Events!$G:$G,"DATE",Raw_Events!$J:$J,$A15,Raw_Events!$C:$C,">="&Settings!$B$4,Raw_Events!$C:$C,"<="&Settings!$B$5)) | H15: =IF($A15="","",COUNTIFS(Raw_Events!$G:$G,"SEX",Raw_Events!$J:$J,$A15,Raw_Events!$C:$C,">="&Settings!$B$4,Raw_Events!$C:$C,"<="&Settings!$B$5)) | I15: =IF($A15="","",COUNTIFS(Raw_Events!$G:$G,"PRO_CONTACT_ADDED",Raw_Events!$J:$J,$A15,Raw_Events!$C:$C,">="&Settings!$B$4,Raw_Events!$C:$C,"<="&Settings!$B$5))
... F500: =IF($A500="","",COUNTIFS(Raw_Events!$G:$G,"SOCIAL_MEET",Raw_Events!$J:$J,$A500,Raw_Events!$C:$C,">="&Settings!$B$4,Raw_Events!$C:$C,"<="&Settings!$B$5)) | G500: =IF($A500="","",COUNTIFS(Raw_Events!$G:$G,"DATE",Raw_Events!$J:$J,$A500,Raw_Events!$C:$C,">="&Settings!$B$4,Raw_Events!$C:$C,"<="&Settings!$B$5)) | H500: =IF($A500="","",COUNTIFS(Raw_Events!$G:$G,"SEX",Raw_Events!$J:$J,$A500,Raw_Events!$C:$C,">="&Settings!$B$4,Raw_Events!$C:$C,"<="&Settings!$B$5)) | I500: =IF($A500="","",COUNTIFS(Raw_Events!$G:$G,"PRO_CONTACT_ADDED",Raw_Events!$J:$J,$A500,Raw_Events!$C:$C,">="&Settings!$B$4,Raw_Events!$C:$C,"<="&Settings!$B$5))

Sheet Raw_Events
A1: Raw event log (append-only). App writes here.
A2: EventID | B2: OccurredAt | C2: Date | D2: WeekStart | E2: MonthStart | F2: Quarter | G2: MetricCode | H2: Value | I2: Unit | J2: PersonID | K2: DrinkTemplateID | L2: StdDrinks | M2: Notes | N2: Tags | O2: Starred | P2: Reviewed | Q2: Source | R2: LoggedAt
C3: =IF($B3="","",INT($B3)) | D3: =IF($C3="","",$C3-WEEKDAY($C3,2)+1) | E3: =IF($C3="","",DATE(YEAR($C3),MONTH($C3),1)) | F3: =IF($C3="","",YEAR($C3)&"-Q"&ROUNDUP(MONTH($C3)/3,0)) | L3: =IF($G3<>"ALCOHOL","",IF($K3="","",$H3*IFERROR(VLOOKUP($K3,Drink_Templates!$A:$G,7,FALSE),0)))
C4: =IF($B4="","",INT($B4)) | D4: =IF($C4="","",$C4-WEEKDAY($C4,2)+1) | E4: =IF($C4="","",DATE(YEAR($C4),MONTH($C4),1)) | F4: =IF($C4="","",YEAR($C4)&"-Q"&ROUNDUP(MONTH($C4)/3,0)) | L4: =IF($G4<>"ALCOHOL","",IF($K4="","",$H4*IFERROR(VLOOKUP($K4,Drink_Templates!$A:$G,7,FALSE),0)))
C5: =IF($B5="","",INT($B5)) | D5: =IF($C5="","",$C5-WEEKDAY($C5,2)+1) | E5: =IF($C5="","",DATE(YEAR($C5),MONTH($C5),1)) | F5: =IF($C5="","",YEAR($C5)&"-Q"&ROUNDUP(MONTH($C5)/3,0)) | L5: =IF($G5<>"ALCOHOL","",IF($K5="","",$H5*IFERROR(VLOOKUP($K5,Drink_Templates!$A:$G,7,FALSE),0)))
C6: =IF($B6="","",INT($B6)) | D6: =IF($C6="","",$C6-WEEKDAY($C6,2)+1) | E6: =IF($C6="","",DATE(YEAR($C6),MONTH($C6),1)) | F6: =IF($C6="","",YEAR($C6)&"-Q"&ROUNDUP(MONTH($C6)/3,0)) | L6: =IF($G6<>"ALCOHOL","",IF($K6="","",$H6*IFERROR(VLOOKUP($K6,Drink_Templates!$A:$G,7,FALSE),0)))
C7: =IF($B7="","",INT($B7)) | D7: =IF($C7="","",$C7-WEEKDAY($C7,2)+1) | E7: =IF($C7="","",DATE(YEAR($C7),MONTH($C7),1)) | F7: =IF($C7="","",YEAR($C7)&"-Q"&ROUNDUP(MONTH($C7)/3,0)) | L7: =IF($G7<>"ALCOHOL","",IF($K7="","",$H7*IFERROR(VLOOKUP($K7,Drink_Templates!$A:$G,7,FALSE),0)))
C8: =IF($B8="","",INT($B8)) | D8: =IF($C8="","",$C8-WEEKDAY($C8,2)+1) | E8: =IF($C8="","",DATE(YEAR($C8),MONTH($C8),1)) | F8: =IF($C8="","",YEAR($C8)&"-Q"&ROUNDUP(MONTH($C8)/3,0)) | L8: =IF($G8<>"ALCOHOL","",IF($K8="","",$H8*IFERROR(VLOOKUP($K8,Drink_Templates!$A:$G,7,FALSE),0)))
C9: =IF($B9="","",INT($B9)) | D9: =IF($C9="","",$C9-WEEKDAY($C9,2)+1) | E9: =IF($C9="","",DATE(YEAR($C9),MONTH($C9),1)) | F9: =IF($C9="","",YEAR($C9)&"-Q"&ROUNDUP(MONTH($C9)/3,0)) | L9: =IF($G9<>"ALCOHOL","",IF($K9="","",$H9*IFERROR(VLOOKUP($K9,Drink_Templates!$A:$G,7,FALSE),0)))
C10: =IF($B10="","",INT($B10)) | D10: =IF($C10="","",$C10-WEEKDAY($C10,2)+1) | E10: =IF($C10="","",DATE(YEAR($C10),MONTH($C10),1)) | F10: =IF($C10="","",YEAR($C10)&"-Q"&ROUNDUP(MONTH($C10)/3,0)) | L10: =IF($G10<>"ALCOHOL","",IF($K10="","",$H10*IFERROR(VLOOKUP($K10,Drink_Templates!$A:$G,7,FALSE),0)))
C11: =IF($B11="","",INT($B11)) | D11: =IF($C11="","",$C11-WEEKDAY($C11,2)+1) | E11: =IF($C11="","",DATE(YEAR($C11),MONTH($C11),1)) | F11: =IF($C11="","",YEAR($C11)&"-Q"&ROUNDUP(MONTH($C11)/3,0)) | L11: =IF($G11<>"ALCOHOL","",IF($K11="","",$H11*IFERROR(VLOOKUP($K11,Drink_Templates!$A:$G,7,FALSE),0)))
C12: =IF($B12="","",INT($B12)) | D12: =IF($C12="","",$C12-WEEKDAY($C12,2)+1) | E12: =IF($C12="","",DATE(YEAR($C12),MONTH($C12),1)) | F12: =IF($C12="","",YEAR($C12)&"-Q"&ROUNDUP(MONTH($C12)/3,0)) | L12: =IF($G12<>"ALCOHOL","",IF($K12="","",$H12*IFERROR(VLOOKUP($K12,Drink_Templates!$A:$G,7,FALSE),0)))
C13: =IF($B13="","",INT($B13)) | D13: =IF($C13="","",$C13-WEEKDAY($C13,2)+1) | E13: =IF($C13="","",DATE(YEAR($C13),MONTH($C13),1)) | F13: =IF($C13="","",YEAR($C13)&"-Q"&ROUNDUP(MONTH($C13)/3,0)) | L13: =IF($G13<>"ALCOHOL","",IF($K13="","",$H13*IFERROR(VLOOKUP($K13,Drink_Templates!$A:$G,7,FALSE),0)))
C14: =IF($B14="","",INT($B14)) | D14: =IF($C14="","",$C14-WEEKDAY($C14,2)+1) | E14: =IF($C14="","",DATE(YEAR($C14),MONTH($C14),1)) | F14: =IF($C14="","",YEAR($C14)&"-Q"&ROUNDUP(MONTH($C14)/3,0)) | L14: =IF($G14<>"ALCOHOL","",IF($K14="","",$H14*IFERROR(VLOOKUP($K14,Drink_Templates!$A:$G,7,FALSE),0)))
... C8002: =IF($B8002="","",INT($B8002)) | D8002: =IF($C8002="","",$C8002-WEEKDAY($C8002,2)+1) | E8002: =IF($C8002="","",DATE(YEAR($C8002),MONTH($C8002),1)) | F8002: =IF($C8002="","",YEAR($C8002)&"-Q"&ROUNDUP(MONTH($C8002)/3,0)) | L8002: =IF($G8002<>"ALCOHOL","",IF($K8002="","",$H8002*IFERROR(VLOOKUP($K8002,Drink_Templates!$A:$G,7,FALSE),0)))

Sheet Raw_Weekly
A1: Weekly inputs (you fill during weekly review)
A2: WeekStart | B2: WorkHours | C2: ExpensesPersonal_RUB | D2: ExcludedRenovation_RUB | E2: NetWorth_RUB(optional) | F2: Notes | G2: Source | H2: DealSpikeFlag(1/0)
A4: 46027 | G4: Manual
A5: 46034 | G5: Manual
A6: 46041 | G6: Manual
A7: 46048 | G7: Manual
A8: 46055 | G8: Manual
A9: 46062 | G9: Manual
A10: 46069 | G10: Manual
A11: 46076 | G11: Manual
A12: 46083 | G12: Manual
A13: 46090 | G13: Manual
A14: 46097 | G14: Manual
A15: 46104 | G15: Manual
... A55: 46384 | G55: Manual

Sheet Body_Metrics
A1: Body metrics (optional, periodic)
A2: Date | B2: (unused) | C2: LeanBodyWeight_kg | D2: BodyFat_%(optional) | E2: Notes | F2: Source

Sheet Daily_Agg
A1: Daily aggregates (app writes totals; sheet computes compliance flags)
A2: Date | B2: Sleep_h | C2: Workouts | D2: Posture_sessions | E2: Posture_met | F2: Mindfulness_min | G2: Mindfulness_day | H2: Cigarettes | I2: Alcohol_std | J2: Unhealthy_meals | K2: Training_min | L2: (unused) | M2: Ideas | N2: Social_meets | O2: Dates | P2: NewActivities | Q2: TravelNights | R2: Notes
A3: 46023 | B3: =SUMIFS(Raw_Events!$H:$H,Raw_Events!$C:$C,$A3,Raw_Events!$G:$G,"SLEEP_HOURS") | C3: =COUNTIFS(Raw_Events!$C:$C,$A3,Raw_Events!$G:$G,"WORKOUT") | D3: =SUMIFS(Raw_Events!$H:$H,Raw_Events!$C:$C,$A3,Raw_Events!$G:$G,"POSTURE_SESSION") | E3: =IF($D3="","",IF($D3>=Settings!$C$17,1,0)) | F3: =SUMIFS(Raw_Events!$H:$H,Raw_Events!$C:$C,$A3,Raw_Events!$G:$G,"MINDFULNESS_MIN") | G3: =IF($F3="","",IF($F3>0,1,0)) | H3: =SUMIFS(Raw_Events!$H:$H,Raw_Events!$C:$C,$A3,Raw_Events!$G:$G,"CIGARETTES") | I3: =SUMIFS(Raw_Events!$L:$L,Raw_Events!$C:$C,$A3,Raw_Events!$G:$G,"ALCOHOL") | J3: =SUMIFS(Raw_Events!$H:$H,Raw_Events!$C:$C,$A3,Raw_Events!$G:$G,"UNHEALTHY_MEAL") | K3: =SUMIFS(Raw_Events!$H:$H,Raw_Events!$C:$C,$A3,Raw_Events!$G:$G,"TRAINING_MIN")+SUMIFS(Raw_Events!$H:$H,Raw_Events!$C:$C,$A3,Raw_Events!$G:$G,"DICTION_TRAINING_MIN") | M3: =SUMIFS(Raw_Events!$H:$H,Raw_Events!$C:$C,$A3,Raw_Events!$G:$G,"IDEA") | N3: =COUNTIFS(Raw_Events!$C:$C,$A3,Raw_Events!$G:$G,"SOCIAL_MEET") | O3: =COUNTIFS(Raw_Events!$C:$C,$A3,Raw_Events!$G:$G,"DATE") | P3: =COUNTIFS(Raw_Events!$C:$C,$A3,Raw_Events!$G:$G,"NEW_ACTIVITY") | Q3: =SUMIFS(Raw_Events!$H:$H,Raw_Events!$C:$C,$A3,Raw_Events!$G:$G,"TRAVEL_NIGHT")
A4: 46024 | B4: =SUMIFS(Raw_Events!$H:$H,Raw_Events!$C:$C,$A4,Raw_Events!$G:$G,"SLEEP_HOURS") | C4: =COUNTIFS(Raw_Events!$C:$C,$A4,Raw_Events!$G:$G,"WORKOUT") | D4: =SUMIFS(Raw_Events!$H:$H,Raw_Events!$C:$C,$A4,Raw_Events!$G:$G,"POSTURE_SESSION") | E4: =IF($D4="","",IF($D4>=Settings!$C$17,1,0)) | F4: =SUMIFS(Raw_Events!$H:$H,Raw_Events!$C:$C,$A4,Raw_Events!$G:$G,"MINDFULNESS_MIN") | G4: =IF($F4="","",IF($F4>0,1,0)) | H4: =SUMIFS(Raw_Events!$H:$H,Raw_Events!$C:$C,$A4,Raw_Events!$G:$G,"CIGARETTES") | I4: =SUMIFS(Raw_Events!$L:$L,Raw_Events!$C:$C,$A4,Raw_Events!$G:$G,"ALCOHOL") | J4: =SUMIFS(Raw_Events!$H:$H,Raw_Events!$C:$C,$A4,Raw_Events!$G:$G,"UNHEALTHY_MEAL") | K4: =SUMIFS(Raw_Events!$H:$H,Raw_Events!$C:$C,$A4,Raw_Events!$G:$G,"TRAINING_MIN")+SUMIFS(Raw_Events!$H:$H,Raw_Events!$C:$C,$A4,Raw_Events!$G:$G,"DICTION_TRAINING_MIN") | M4: =SUMIFS(Raw_Events!$H:$H,Raw_Events!$C:$C,$A4,Raw_Events!$G:$G,"IDEA") | N4: =COUNTIFS(Raw_Events!$C:$C,$A4,Raw_Events!$G:$G,"SOCIAL_MEET") | O4: =COUNTIFS(Raw_Events!$C:$C,$A4,Raw_Events!$G:$G,"DATE") | P4: =COUNTIFS(Raw_Events!$C:$C,$A4,Raw_Events!$G:$G,"NEW_ACTIVITY") | Q4: =SUMIFS(Raw_Events!$H:$H,Raw_Events!$C:$C,$A4,Raw_Events!$G:$G,"TRAVEL_NIGHT")
A5: 46025 | B5: =SUMIFS(Raw_Events!$H:$H,Raw_Events!$C:$C,$A5,Raw_Events!$G:$G,"SLEEP_HOURS") | C5: =COUNTIFS(Raw_Events!$C:$C,$A5,Raw_Events!$G:$G,"WORKOUT") | D5: =SUMIFS(Raw_Events!$H:$H,Raw_Events!$C:$C,$A5,Raw_Events!$G:$G,"POSTURE_SESSION") | E5: =IF($D5="","",IF($D5>=Settings!$C$17,1,0)) | F5: =SUMIFS(Raw_Events!$H:$H,Raw_Events!$C:$C,$A5,Raw_Events!$G:$G,"MINDFULNESS_MIN") | G5: =IF($F5="","",IF($F5>0,1,0)) | H5: =SUMIFS(Raw_Events!$H:$H,Raw_Events!$C:$C,$A5,Raw_Events!$G:$G,"CIGARETTES") | I5: =SUMIFS(Raw_Events!$L:$L,Raw_Events!$C:$C,$A5,Raw_Events!$G:$G,"ALCOHOL") | J5: =SUMIFS(Raw_Events!$H:$H,Raw_Events!$C:$C,$A5,Raw_Events!$G:$G,"UNHEALTHY_MEAL") | K5: =SUMIFS(Raw_Events!$H:$H,Raw_Events!$C:$C,$A5,Raw_Events!$G:$G,"TRAINING_MIN")+SUMIFS(Raw_Events!$H:$H,Raw_Events!$C:$C,$A5,Raw_Events!$G:$G,"DICTION_TRAINING_MIN") | M5: =SUMIFS(Raw_Events!$H:$H,Raw_Events!$C:$C,$A5,Raw_Events!$G:$G,"IDEA") | N5: =COUNTIFS(Raw_Events!$C:$C,$A5,Raw_Events!$G:$G,"SOCIAL_MEET") | O5: =COUNTIFS(Raw_Events!$C:$C,$A5,Raw_Events!$G:$G,"DATE") | P5: =COUNTIFS(Raw_Events!$C:$C,$A5,Raw_Events!$G:$G,"NEW_ACTIVITY") | Q5: =SUMIFS(Raw_Events!$H:$H,Raw_Events!$C:$C,$A5,Raw_Events!$G:$G,"TRAVEL_NIGHT")
A6: 46026 | B6: =SUMIFS(Raw_Events!$H:$H,Raw_Events!$C:$C,$A6,Raw_Events!$G:$G,"SLEEP_HOURS") | C6: =COUNTIFS(Raw_Events!$C:$C,$A6,Raw_Events!$G:$G,"WORKOUT") | D6: =SUMIFS(Raw_Events!$H:$H,Raw_Events!$C:$C,$A6,Raw_Events!$G:$G,"POSTURE_SESSION") | E6: =IF($D6="","",IF($D6>=Settings!$C$17,1,0)) | F6: =SUMIFS(Raw_Events!$H:$H,Raw_Events!$C:$C,$A6,Raw_Events!$G:$G,"MINDFULNESS_MIN") | G6: =IF($F6="","",IF($F6>0,1,0)) | H6: =SUMIFS(Raw_Events!$H:$H,Raw_Events!$C:$C,$A6,Raw_Events!$G:$G,"CIGARETTES") | I6: =SUMIFS(Raw_Events!$L:$L,Raw_Events!$C:$C,$A6,Raw_Events!$G:$G,"ALCOHOL") | J6: =SUMIFS(Raw_Events!$H:$H,Raw_Events!$C:$C,$A6,Raw_Events!$G:$G,"UNHEALTHY_MEAL") | K6: =SUMIFS(Raw_Events!$H:$H,Raw_Events!$C:$C,$A6,Raw_Events!$G:$G,"TRAINING_MIN")+SUMIFS(Raw_Events!$H:$H,Raw_Events!$C:$C,$A6,Raw_Events!$G:$G,"DICTION_TRAINING_MIN") | M6: =SUMIFS(Raw_Events!$H:$H,Raw_Events!$C:$C,$A6,Raw_Events!$G:$G,"IDEA") | N6: =COUNTIFS(Raw_Events!$C:$C,$A6,Raw_Events!$G:$G,"SOCIAL_MEET") | O6: =COUNTIFS(Raw_Events!$C:$C,$A6,Raw_Events!$G:$G,"DATE") | P6: =COUNTIFS(Raw_Events!$C:$C,$A6,Raw_Events!$G:$G,"NEW_ACTIVITY") | Q6: =SUMIFS(Raw_Events!$H:$H,Raw_Events!$C:$C,$A6,Raw_Events!$G:$G,"TRAVEL_NIGHT")
A7: 46027 | B7: =SUMIFS(Raw_Events!$H:$H,Raw_Events!$C:$C,$A7,Raw_Events!$G:$G,"SLEEP_HOURS") | C7: =COUNTIFS(Raw_Events!$C:$C,$A7,Raw_Events!$G:$G,"WORKOUT") | D7: =SUMIFS(Raw_Events!$H:$H,Raw_Events!$C:$C,$A7,Raw_Events!$G:$G,"POSTURE_SESSION") | E7: =IF($D7="","",IF($D7>=Settings!$C$17,1,0)) | F7: =SUMIFS(Raw_Events!$H:$H,Raw_Events!$C:$C,$A7,Raw_Events!$G:$G,"MINDFULNESS_MIN") | G7: =IF($F7="","",IF($F7>0,1,0)) | H7: =SUMIFS(Raw_Events!$H:$H,Raw_Events!$C:$C,$A7,Raw_Events!$G:$G,"CIGARETTES") | I7: =SUMIFS(Raw_Events!$L:$L,Raw_Events!$C:$C,$A7,Raw_Events!$G:$G,"ALCOHOL") | J7: =SUMIFS(Raw_Events!$H:$H,Raw_Events!$C:$C,$A7,Raw_Events!$G:$G,"UNHEALTHY_MEAL") | K7: =SUMIFS(Raw_Events!$H:$H,Raw_Events!$C:$C,$A7,Raw_Events!$G:$G,"TRAINING_MIN")+SUMIFS(Raw_Events!$H:$H,Raw_Events!$C:$C,$A7,Raw_Events!$G:$G,"DICTION_TRAINING_MIN") | M7: =SUMIFS(Raw_Events!$H:$H,Raw_Events!$C:$C,$A7,Raw_Events!$G:$G,"IDEA") | N7: =COUNTIFS(Raw_Events!$C:$C,$A7,Raw_Events!$G:$G,"SOCIAL_MEET") | O7: =COUNTIFS(Raw_Events!$C:$C,$A7,Raw_Events!$G:$G,"DATE") | P7: =COUNTIFS(Raw_Events!$C:$C,$A7,Raw_Events!$G:$G,"NEW_ACTIVITY") | Q7: =SUMIFS(Raw_Events!$H:$H,Raw_Events!$C:$C,$A7,Raw_Events!$G:$G,"TRAVEL_NIGHT")
A8: 46028 | B8: =SUMIFS(Raw_Events!$H:$H,Raw_Events!$C:$C,$A8,Raw_Events!$G:$G,"SLEEP_HOURS") | C8: =COUNTIFS(Raw_Events!$C:$C,$A8,Raw_Events!$G:$G,"WORKOUT") | D8: =SUMIFS(Raw_Events!$H:$H,Raw_Events!$C:$C,$A8,Raw_Events!$G:$G,"POSTURE_SESSION") | E8: =IF($D8="","",IF($D8>=Settings!$C$17,1,0)) | F8: =SUMIFS(Raw_Events!$H:$H,Raw_Events!$C:$C,$A8,Raw_Events!$G:$G,"MINDFULNESS_MIN") | G8: =IF($F8="","",IF($F8>0,1,0)) | H8: =SUMIFS(Raw_Events!$H:$H,Raw_Events!$C:$C,$A8,Raw_Events!$G:$G,"CIGARETTES") | I8: =SUMIFS(Raw_Events!$L:$L,Raw_Events!$C:$C,$A8,Raw_Events!$G:$G,"ALCOHOL") | J8: =SUMIFS(Raw_Events!$H:$H,Raw_Events!$C:$C,$A8,Raw_Events!$G:$G,"UNHEALTHY_MEAL") | K8: =SUMIFS(Raw_Events!$H:$H,Raw_Events!$C:$C,$A8,Raw_Events!$G:$G,"TRAINING_MIN")+SUMIFS(Raw_Events!$H:$H,Raw_Events!$C:$C,$A8,Raw_Events!$G:$G,"DICTION_TRAINING_MIN") | M8: =SUMIFS(Raw_Events!$H:$H,Raw_Events!$C:$C,$A8,Raw_Events!$G:$G,"IDEA") | N8: =COUNTIFS(Raw_Events!$C:$C,$A8,Raw_Events!$G:$G,"SOCIAL_MEET") | O8: =COUNTIFS(Raw_Events!$C:$C,$A8,Raw_Events!$G:$G,"DATE") | P8: =COUNTIFS(Raw_Events!$C:$C,$A8,Raw_Events!$G:$G,"NEW_ACTIVITY") | Q8: =SUMIFS(Raw_Events!$H:$H,Raw_Events!$C:$C,$A8,Raw_Events!$G:$G,"TRAVEL_NIGHT")
A9: 46029 | B9: =SUMIFS(Raw_Events!$H:$H,Raw_Events!$C:$C,$A9,Raw_Events!$G:$G,"SLEEP_HOURS") | C9: =COUNTIFS(Raw_Events!$C:$C,$A9,Raw_Events!$G:$G,"WORKOUT") | D9: =SUMIFS(Raw_Events!$H:$H,Raw_Events!$C:$C,$A9,Raw_Events!$G:$G,"POSTURE_SESSION") | E9: =IF($D9="","",IF($D9>=Settings!$C$17,1,0)) | F9: =SUMIFS(Raw_Events!$H:$H,Raw_Events!$C:$C,$A9,Raw_Events!$G:$G,"MINDFULNESS_MIN") | G9: =IF($F9="","",IF($F9>0,1,0)) | H9: =SUMIFS(Raw_Events!$H:$H,Raw_Events!$C:$C,$A9,Raw_Events!$G:$G,"CIGARETTES") | I9: =SUMIFS(Raw_Events!$L:$L,Raw_Events!$C:$C,$A9,Raw_Events!$G:$G,"ALCOHOL") | J9: =SUMIFS(Raw_Events!$H:$H,Raw_Events!$C:$C,$A9,Raw_Events!$G:$G,"UNHEALTHY_MEAL") | K9: =SUMIFS(Raw_Events!$H:$H,Raw_Events!$C:$C,$A9,Raw_Events!$G:$G,"TRAINING_MIN")+SUMIFS(Raw_Events!$H:$H,Raw_Events!$C:$C,$A9,Raw_Events!$G:$G,"DICTION_TRAINING_MIN") | M9: =SUMIFS(Raw_Events!$H:$H,Raw_Events!$C:$C,$A9,Raw_Events!$G:$G,"IDEA") | N9: =COUNTIFS(Raw_Events!$C:$C,$A9,Raw_Events!$G:$G,"SOCIAL_MEET") | O9: =COUNTIFS(Raw_Events!$C:$C,$A9,Raw_Events!$G:$G,"DATE") | P9: =COUNTIFS(Raw_Events!$C:$C,$A9,Raw_Events!$G:$G,"NEW_ACTIVITY") | Q9: =SUMIFS(Raw_Events!$H:$H,Raw_Events!$C:$C,$A9,Raw_Events!$G:$G,"TRAVEL_NIGHT")
A10: 46030 | B10: =SUMIFS(Raw_Events!$H:$H,Raw_Events!$C:$C,$A10,Raw_Events!$G:$G,"SLEEP_HOURS") | C10: =COUNTIFS(Raw_Events!$C:$C,$A10,Raw_Events!$G:$G,"WORKOUT") | D10: =SUMIFS(Raw_Events!$H:$H,Raw_Events!$C:$C,$A10,Raw_Events!$G:$G,"POSTURE_SESSION") | E10: =IF($D10="","",IF($D10>=Settings!$C$17,1,0)) | F10: =SUMIFS(Raw_Events!$H:$H,Raw_Events!$C:$C,$A10,Raw_Events!$G:$G,"MINDFULNESS_MIN") | G10: =IF($F10="","",IF($F10>0,1,0)) | H10: =SUMIFS(Raw_Events!$H:$H,Raw_Events!$C:$C,$A10,Raw_Events!$G:$G,"CIGARETTES") | I10: =SUMIFS(Raw_Events!$L:$L,Raw_Events!$C:$C,$A10,Raw_Events!$G:$G,"ALCOHOL") | J10: =SUMIFS(Raw_Events!$H:$H,Raw_Events!$C:$C,$A10,Raw_Events!$G:$G,"UNHEALTHY_MEAL") | K10: =SUMIFS(Raw_Events!$H:$H,Raw_Events!$C:$C,$A10,Raw_Events!$G:$G,"TRAINING_MIN")+SUMIFS(Raw_Events!$H:$H,Raw_Events!$C:$C,$A10,Raw_Events!$G:$G,"DICTION_TRAINING_MIN") | M10: =SUMIFS(Raw_Events!$H:$H,Raw_Events!$C:$C,$A10,Raw_Events!$G:$G,"IDEA") | N10: =COUNTIFS(Raw_Events!$C:$C,$A10,Raw_Events!$G:$G,"SOCIAL_MEET") | O10: =COUNTIFS(Raw_Events!$C:$C,$A10,Raw_Events!$G:$G,"DATE") | P10: =COUNTIFS(Raw_Events!$C:$C,$A10,Raw_Events!$G:$G,"NEW_ACTIVITY") | Q10: =SUMIFS(Raw_Events!$H:$H,Raw_Events!$C:$C,$A10,Raw_Events!$G:$G,"TRAVEL_NIGHT")
A11: 46031 | B11: =SUMIFS(Raw_Events!$H:$H,Raw_Events!$C:$C,$A11,Raw_Events!$G:$G,"SLEEP_HOURS") | C11: =COUNTIFS(Raw_Events!$C:$C,$A11,Raw_Events!$G:$G,"WORKOUT") | D11: =SUMIFS(Raw_Events!$H:$H,Raw_Events!$C:$C,$A11,Raw_Events!$G:$G,"POSTURE_SESSION") | E11: =IF($D11="","",IF($D11>=Settings!$C$17,1,0)) | F11: =SUMIFS(Raw_Events!$H:$H,Raw_Events!$C:$C,$A11,Raw_Events!$G:$G,"MINDFULNESS_MIN") | G11: =IF($F11="","",IF($F11>0,1,0)) | H11: =SUMIFS(Raw_Events!$H:$H,Raw_Events!$C:$C,$A11,Raw_Events!$G:$G,"CIGARETTES") | I11: =SUMIFS(Raw_Events!$L:$L,Raw_Events!$C:$C,$A11,Raw_Events!$G:$G,"ALCOHOL") | J11: =SUMIFS(Raw_Events!$H:$H,Raw_Events!$C:$C,$A11,Raw_Events!$G:$G,"UNHEALTHY_MEAL") | K11: =SUMIFS(Raw_Events!$H:$H,Raw_Events!$C:$C,$A11,Raw_Events!$G:$G,"TRAINING_MIN")+SUMIFS(Raw_Events!$H:$H,Raw_Events!$C:$C,$A11,Raw_Events!$G:$G,"DICTION_TRAINING_MIN") | M11: =SUMIFS(Raw_Events!$H:$H,Raw_Events!$C:$C,$A11,Raw_Events!$G:$G,"IDEA") | N11: =COUNTIFS(Raw_Events!$C:$C,$A11,Raw_Events!$G:$G,"SOCIAL_MEET") | O11: =COUNTIFS(Raw_Events!$C:$C,$A11,Raw_Events!$G:$G,"DATE") | P11: =COUNTIFS(Raw_Events!$C:$C,$A11,Raw_Events!$G:$G,"NEW_ACTIVITY") | Q11: =SUMIFS(Raw_Events!$H:$H,Raw_Events!$C:$C,$A11,Raw_Events!$G:$G,"TRAVEL_NIGHT")
A12: 46032 | B12: =SUMIFS(Raw_Events!$H:$H,Raw_Events!$C:$C,$A12,Raw_Events!$G:$G,"SLEEP_HOURS") | C12: =COUNTIFS(Raw_Events!$C:$C,$A12,Raw_Events!$G:$G,"WORKOUT") | D12: =SUMIFS(Raw_Events!$H:$H,Raw_Events!$C:$C,$A12,Raw_Events!$G:$G,"POSTURE_SESSION") | E12: =IF($D12="","",IF($D12>=Settings!$C$17,1,0)) | F12: =SUMIFS(Raw_Events!$H:$H,Raw_Events!$C:$C,$A12,Raw_Events!$G:$G,"MINDFULNESS_MIN") | G12: =IF($F12="","",IF($F12>0,1,0)) | H12: =SUMIFS(Raw_Events!$H:$H,Raw_Events!$C:$C,$A12,Raw_Events!$G:$G,"CIGARETTES") | I12: =SUMIFS(Raw_Events!$L:$L,Raw_Events!$C:$C,$A12,Raw_Events!$G:$G,"ALCOHOL") | J12: =SUMIFS(Raw_Events!$H:$H,Raw_Events!$C:$C,$A12,Raw_Events!$G:$G,"UNHEALTHY_MEAL") | K12: =SUMIFS(Raw_Events!$H:$H,Raw_Events!$C:$C,$A12,Raw_Events!$G:$G,"TRAINING_MIN")+SUMIFS(Raw_Events!$H:$H,Raw_Events!$C:$C,$A12,Raw_Events!$G:$G,"DICTION_TRAINING_MIN") | M12: =SUMIFS(Raw_Events!$H:$H,Raw_Events!$C:$C,$A12,Raw_Events!$G:$G,"IDEA") | N12: =COUNTIFS(Raw_Events!$C:$C,$A12,Raw_Events!$G:$G,"SOCIAL_MEET") | O12: =COUNTIFS(Raw_Events!$C:$C,$A12,Raw_Events!$G:$G,"DATE") | P12: =COUNTIFS(Raw_Events!$C:$C,$A12,Raw_Events!$G:$G,"NEW_ACTIVITY") | Q12: =SUMIFS(Raw_Events!$H:$H,Raw_Events!$C:$C,$A12,Raw_Events!$G:$G,"TRAVEL_NIGHT")
A13: 46033 | B13: =SUMIFS(Raw_Events!$H:$H,Raw_Events!$C:$C,$A13,Raw_Events!$G:$G,"SLEEP_HOURS") | C13: =COUNTIFS(Raw_Events!$C:$C,$A13,Raw_Events!$G:$G,"WORKOUT") | D13: =SUMIFS(Raw_Events!$H:$H,Raw_Events!$C:$C,$A13,Raw_Events!$G:$G,"POSTURE_SESSION") | E13: =IF($D13="","",IF($D13>=Settings!$C$17,1,0)) | F13: =SUMIFS(Raw_Events!$H:$H,Raw_Events!$C:$C,$A13,Raw_Events!$G:$G,"MINDFULNESS_MIN") | G13: =IF($F13="","",IF($F13>0,1,0)) | H13: =SUMIFS(Raw_Events!$H:$H,Raw_Events!$C:$C,$A13,Raw_Events!$G:$G,"CIGARETTES") | I13: =SUMIFS(Raw_Events!$L:$L,Raw_Events!$C:$C,$A13,Raw_Events!$G:$G,"ALCOHOL") | J13: =SUMIFS(Raw_Events!$H:$H,Raw_Events!$C:$C,$A13,Raw_Events!$G:$G,"UNHEALTHY_MEAL") | K13: =SUMIFS(Raw_Events!$H:$H,Raw_Events!$C:$C,$A13,Raw_Events!$G:$G,"TRAINING_MIN")+SUMIFS(Raw_Events!$H:$H,Raw_Events!$C:$C,$A13,Raw_Events!$G:$G,"DICTION_TRAINING_MIN") | M13: =SUMIFS(Raw_Events!$H:$H,Raw_Events!$C:$C,$A13,Raw_Events!$G:$G,"IDEA") | N13: =COUNTIFS(Raw_Events!$C:$C,$A13,Raw_Events!$G:$G,"SOCIAL_MEET") | O13: =COUNTIFS(Raw_Events!$C:$C,$A13,Raw_Events!$G:$G,"DATE") | P13: =COUNTIFS(Raw_Events!$C:$C,$A13,Raw_Events!$G:$G,"NEW_ACTIVITY") | Q13: =SUMIFS(Raw_Events!$H:$H,Raw_Events!$C:$C,$A13,Raw_Events!$G:$G,"TRAVEL_NIGHT")
A14: 46034 | B14: =SUMIFS(Raw_Events!$H:$H,Raw_Events!$C:$C,$A14,Raw_Events!$G:$G,"SLEEP_HOURS") | C14: =COUNTIFS(Raw_Events!$C:$C,$A14,Raw_Events!$G:$G,"WORKOUT") | D14: =SUMIFS(Raw_Events!$H:$H,Raw_Events!$C:$C,$A14,Raw_Events!$G:$G,"POSTURE_SESSION") | E14: =IF($D14="","",IF($D14>=Settings!$C$17,1,0)) | F14: =SUMIFS(Raw_Events!$H:$H,Raw_Events!$C:$C,$A14,Raw_Events!$G:$G,"MINDFULNESS_MIN") | G14: =IF($F14="","",IF($F14>0,1,0)) | H14: =SUMIFS(Raw_Events!$H:$H,Raw_Events!$C:$C,$A14,Raw_Events!$G:$G,"CIGARETTES") | I14: =SUMIFS(Raw_Events!$L:$L,Raw_Events!$C:$C,$A14,Raw_Events!$G:$G,"ALCOHOL") | J14: =SUMIFS(Raw_Events!$H:$H,Raw_Events!$C:$C,$A14,Raw_Events!$G:$G,"UNHEALTHY_MEAL") | K14: =SUMIFS(Raw_Events!$H:$H,Raw_Events!$C:$C,$A14,Raw_Events!$G:$G,"TRAINING_MIN")+SUMIFS(Raw_Events!$H:$H,Raw_Events!$C:$C,$A14,Raw_Events!$G:$G,"DICTION_TRAINING_MIN") | M14: =SUMIFS(Raw_Events!$H:$H,Raw_Events!$C:$C,$A14,Raw_Events!$G:$G,"IDEA") | N14: =COUNTIFS(Raw_Events!$C:$C,$A14,Raw_Events!$G:$G,"SOCIAL_MEET") | O14: =COUNTIFS(Raw_Events!$C:$C,$A14,Raw_Events!$G:$G,"DATE") | P14: =COUNTIFS(Raw_Events!$C:$C,$A14,Raw_Events!$G:$G,"NEW_ACTIVITY") | Q14: =SUMIFS(Raw_Events!$H:$H,Raw_Events!$C:$C,$A14,Raw_Events!$G:$G,"TRAVEL_NIGHT")
... A367: 46387 | B367: =SUMIFS(Raw_Events!$H:$H,Raw_Events!$C:$C,$A367,Raw_Events!$G:$G,"SLEEP_HOURS") | C367: =COUNTIFS(Raw_Events!$C:$C,$A367,Raw_Events!$G:$G,"WORKOUT") | D367: =SUMIFS(Raw_Events!$H:$H,Raw_Events!$C:$C,$A367,Raw_Events!$G:$G,"POSTURE_SESSION") | E367: =IF($D367="","",IF($D367>=Settings!$C$17,1,0)) | F367: =SUMIFS(Raw_Events!$H:$H,Raw_Events!$C:$C,$A367,Raw_Events!$G:$G,"MINDFULNESS_MIN") | G367: =IF($F367="","",IF($F367>0,1,0)) | H367: =SUMIFS(Raw_Events!$H:$H,Raw_Events!$C:$C,$A367,Raw_Events!$G:$G,"CIGARETTES") | I367: =SUMIFS(Raw_Events!$L:$L,Raw_Events!$C:$C,$A367,Raw_Events!$G:$G,"ALCOHOL") | J367: =SUMIFS(Raw_Events!$H:$H,Raw_Events!$C:$C,$A367,Raw_Events!$G:$G,"UNHEALTHY_MEAL") | K367: =SUMIFS(Raw_Events!$H:$H,Raw_Events!$C:$C,$A367,Raw_Events!$G:$G,"TRAINING_MIN")+SUMIFS(Raw_Events!$H:$H,Raw_Events!$C:$C,$A367,Raw_Events!$G:$G,"DICTION_TRAINING_MIN") | M367: =SUMIFS(Raw_Events!$H:$H,Raw_Events!$C:$C,$A367,Raw_Events!$G:$G,"IDEA") | N367: =COUNTIFS(Raw_Events!$C:$C,$A367,Raw_Events!$G:$G,"SOCIAL_MEET") | O367: =COUNTIFS(Raw_Events!$C:$C,$A367,Raw_Events!$G:$G,"DATE") | P367: =COUNTIFS(Raw_Events!$C:$C,$A367,Raw_Events!$G:$G,"NEW_ACTIVITY") | Q367: =SUMIFS(Raw_Events!$H:$H,Raw_Events!$C:$C,$A367,Raw_Events!$G:$G,"TRAVEL_NIGHT")

Sheet Weekly_Agg
A1: Weekly aggregates (app fills inputs; sheet computes compliance flags)
A2: WeekStart | B2: WorkHours | C2: ExpensesPersonal_RUB | D2: ExcludedRenovation_RUB | E2: BusyWeek(>=60) | F2: WorkHours_met(<=55) | G2: Expenses_met(<=175k) | H2: SocialEvents | I2: Dates | J2: TrainingSessions | K2: Training_min | L2: Ideas | M2: Mindfulness_min | N2: Mindfulness_days | O2: Posture_days_met | P2: Alcohol_std | Q2: Cigarettes | R2: Unhealthy_meals | S2: Workouts | T2: NetWorth_RUB | U2: NewActivities | V2: TravelNights | W2: SpikeMinimum_met? | X2: OriginationActions | Y2: Origination_met(>=1) | Z2: WorkoutsSkipped | AA2: CommunitySessions | AB2: HostedEvents | AC2: IdeaStars | AD2: Trigger_LowSocial_2w | AE2: Trigger_LowDates_2w | AF2: BusyWeekFloorNeeded? | AG2: Trigger_DealSpike_2w | AH2: Trigger_IdeaNoReview | AI2: DeepWork_hours | AJ2: Education_hours | AK2: Hobby_hours | AL2: PartnerQualityTime | AM2: InvestmentCoverage_pct
A3: 46027 | B3: =IFERROR(VLOOKUP($A3,Raw_Weekly!$A:$G,2,FALSE),"") | C3: =IFERROR(VLOOKUP($A3,Raw_Weekly!$A:$G,3,FALSE),"") | D3: =IFERROR(VLOOKUP($A3,Raw_Weekly!$A:$G,4,FALSE),0) | E3: =IF($B3="","",IF(OR($B3>=Settings!$C$14,IFERROR(VLOOKUP($A3,Raw_Weekly!$A:$H,8,FALSE),0)=1),1,0)) | F3: =IF($B3="","",IF($B3<=Settings!$C$13,1,0)) | G3: =IF($C3="","",IF($C3<=Settings!$C$12,1,0)) | H3: =COUNTIFS(Raw_Events!$D:$D,$A3,Raw_Events!$G:$G,"SOCIAL_MEET")+COUNTIFS(Raw_Events!$D:$D,$A3,Raw_Events!$G:$G,"COMMUNITY_SESSION")+COUNTIFS(Raw_Events!$D:$D,$A3,Raw_Events!$G:$G,"HOSTED_EVENT") | I3: =COUNTIFS(Raw_Events!$D:$D,$A3,Raw_Events!$G:$G,"DATE") | J3: =COUNTIFS(Raw_Events!$D:$D,$A3,Raw_Events!$G:$G,"TRAINING_MIN")+COUNTIFS(Raw_Events!$D:$D,$A3,Raw_Events!$G:$G,"DICTION_TRAINING_MIN") | K3: =SUMIFS(Raw_Events!$H:$H,Raw_Events!$D:$D,$A3,Raw_Events!$G:$G,"TRAINING_MIN")+SUMIFS(Raw_Events!$H:$H,Raw_Events!$D:$D,$A3,Raw_Events!$G:$G,"DICTION_TRAINING_MIN") | L3: =SUMIFS(Raw_Events!$H:$H,Raw_Events!$D:$D,$A3,Raw_Events!$G:$G,"IDEA") | M3: =SUMIFS(Raw_Events!$H:$H,Raw_Events!$D:$D,$A3,Raw_Events!$G:$G,"MINDFULNESS_MIN") | N3: =SUMIFS(Daily_Agg!$G:$G,Daily_Agg!$A:$A,">="&$A3,Daily_Agg!$A:$A,"<"&$A3+7) | O3: =SUMIFS(Daily_Agg!$E:$E,Daily_Agg!$A:$A,">="&$A3,Daily_Agg!$A:$A,"<"&$A3+7) | P3: =SUMIFS(Raw_Events!$L:$L,Raw_Events!$D:$D,$A3,Raw_Events!$G:$G,"ALCOHOL") | Q3: =SUMIFS(Raw_Events!$H:$H,Raw_Events!$D:$D,$A3,Raw_Events!$G:$G,"CIGARETTES") | R3: =SUMIFS(Raw_Events!$H:$H,Raw_Events!$D:$D,$A3,Raw_Events!$G:$G,"UNHEALTHY_MEAL") | S3: =COUNTIFS(Raw_Events!$D:$D,$A3,Raw_Events!$G:$G,"WORKOUT") | T3: =IFERROR(VLOOKUP($A3,Raw_Weekly!$A:$G,5,FALSE),"") | U3: =COUNTIFS(Raw_Events!$D:$D,$A3,Raw_Events!$G:$G,"NEW_ACTIVITY") | V3: =SUMIFS(Raw_Events!$H:$H,Raw_Events!$D:$D,$A3,Raw_Events!$G:$G,"TRAVEL_NIGHT") | W3: =IF($E3=1,IF(AND($H3>=Settings!$C$39,$J3>=Settings!$C$40,$L3>=Settings!$C$41),1,0),"") | X3: =IF($A3="","",IF(COUNTIFS(Raw_Events!$D:$D,$A3,Raw_Events!$G:$G,"ORIGINATION_ACTION")>0,COUNTIFS(Raw_Events!$D:$D,$A3,Raw_Events!$G:$G,"ORIGINATION_ACTION"),COUNTIFS(Raw_Events!$D:$D,$A3,Raw_Events!$G:$G,"STAKEHOLDER_CHAT")+COUNTIFS(Raw_Events!$D:$D,$A3,Raw_Events!$G:$G,"MEMO_WRITTEN")+COUNTIFS(Raw_Events!$D:$D,$A3,Raw_Events!$G:$G,"INITIATIVE_PRESENTED_VP")+COUNTIFS(Raw_Events!$D:$D,$A3,Raw_Events!$G:$G,"INITIATIVE_IDEA"))) | Y3: =IF($X3="","",IF($X3>=1,1,0)) | Z3: =COUNTIFS(Raw_Events!$D:$D,$A3,Raw_Events!$G:$G,"WORKOUT_SKIPPED") | AA3: =COUNTIFS(Raw_Events!$D:$D,$A3,Raw_Events!$G:$G,"COMMUNITY_SESSION") | AB3: =COUNTIFS(Raw_Events!$D:$D,$A3,Raw_Events!$G:$G,"HOSTED_EVENT") | AC3: =SUMIFS(Raw_Events!$H:$H,Raw_Events!$D:$D,$A3,Raw_Events!$G:$G,"IDEA_STAR") | AD3: =IF($A3="","",IF(ROW()=3,"",IF(AND($H3<1,INDEX($H:$H,ROW()-1)<1),1,0))) | AE3: =IF($A3="","",IF(ROW()=3,"",IF(AND($I3<2,INDEX($I:$I,ROW()-1)<2),1,0))) | AF3: =IF($A3="","",IF(OR($E3=1,$AD3=1,$AE3=1),1,0)) | AG3: =IF($A3="","",IF(ROW()=3,"",IF(AND($B3>=Settings!$C$14,INDEX($B:$B,ROW()-1)>=Settings!$C$14),1,0))) | AH3: =IF($A3="","",IF(AND($L3>=Settings!$C$34,$AC3<1),1,0)) | AI3: =SUMIFS(Raw_Events!$H:$H,Raw_Events!$D:$D,$A3,Raw_Events!$G:$G,"DEEP_WORK_HOURS") | AJ3: =SUMIFS(Raw_Events!$H:$H,Raw_Events!$D:$D,$A3,Raw_Events!$G:$G,"EDUCATION_HOURS") | AK3: =SUMIFS(Raw_Events!$H:$H,Raw_Events!$D:$D,$A3,Raw_Events!$G:$G,"HOBBY_HOURS") | AL3: =SUMIFS(Raw_Events!$H:$H,Raw_Events!$D:$D,$A3,Raw_Events!$G:$G,"PARTNER_QUALITY_TIME") | AM3: =IFERROR(MAXIFS(Raw_Events!$H:$H,Raw_Events!$D:$D,$A3,Raw_Events!$G:$G,"INVESTMENT_COVERAGE"),"")
A4: 46034 | B4: =IFERROR(VLOOKUP($A4,Raw_Weekly!$A:$G,2,FALSE),"") | C4: =IFERROR(VLOOKUP($A4,Raw_Weekly!$A:$G,3,FALSE),"") | D4: =IFERROR(VLOOKUP($A4,Raw_Weekly!$A:$G,4,FALSE),0) | E4: =IF($B4="","",IF(OR($B4>=Settings!$C$14,IFERROR(VLOOKUP($A4,Raw_Weekly!$A:$H,8,FALSE),0)=1),1,0)) | F4: =IF($B4="","",IF($B4<=Settings!$C$13,1,0)) | G4: =IF($C4="","",IF($C4<=Settings!$C$12,1,0)) | H4: =COUNTIFS(Raw_Events!$D:$D,$A4,Raw_Events!$G:$G,"SOCIAL_MEET")+COUNTIFS(Raw_Events!$D:$D,$A4,Raw_Events!$G:$G,"COMMUNITY_SESSION")+COUNTIFS(Raw_Events!$D:$D,$A4,Raw_Events!$G:$G,"HOSTED_EVENT") | I4: =COUNTIFS(Raw_Events!$D:$D,$A4,Raw_Events!$G:$G,"DATE") | J4: =COUNTIFS(Raw_Events!$D:$D,$A4,Raw_Events!$G:$G,"TRAINING_MIN")+COUNTIFS(Raw_Events!$D:$D,$A4,Raw_Events!$G:$G,"DICTION_TRAINING_MIN") | K4: =SUMIFS(Raw_Events!$H:$H,Raw_Events!$D:$D,$A4,Raw_Events!$G:$G,"TRAINING_MIN")+SUMIFS(Raw_Events!$H:$H,Raw_Events!$D:$D,$A4,Raw_Events!$G:$G,"DICTION_TRAINING_MIN") | L4: =SUMIFS(Raw_Events!$H:$H,Raw_Events!$D:$D,$A4,Raw_Events!$G:$G,"IDEA") | M4: =SUMIFS(Raw_Events!$H:$H,Raw_Events!$D:$D,$A4,Raw_Events!$G:$G,"MINDFULNESS_MIN") | N4: =SUMIFS(Daily_Agg!$G:$G,Daily_Agg!$A:$A,">="&$A4,Daily_Agg!$A:$A,"<"&$A4+7) | O4: =SUMIFS(Daily_Agg!$E:$E,Daily_Agg!$A:$A,">="&$A4,Daily_Agg!$A:$A,"<"&$A4+7) | P4: =SUMIFS(Raw_Events!$L:$L,Raw_Events!$D:$D,$A4,Raw_Events!$G:$G,"ALCOHOL") | Q4: =SUMIFS(Raw_Events!$H:$H,Raw_Events!$D:$D,$A4,Raw_Events!$G:$G,"CIGARETTES") | R4: =SUMIFS(Raw_Events!$H:$H,Raw_Events!$D:$D,$A4,Raw_Events!$G:$G,"UNHEALTHY_MEAL") | S4: =COUNTIFS(Raw_Events!$D:$D,$A4,Raw_Events!$G:$G,"WORKOUT") | T4: =IFERROR(VLOOKUP($A4,Raw_Weekly!$A:$G,5,FALSE),"") | U4: =COUNTIFS(Raw_Events!$D:$D,$A4,Raw_Events!$G:$G,"NEW_ACTIVITY") | V4: =SUMIFS(Raw_Events!$H:$H,Raw_Events!$D:$D,$A4,Raw_Events!$G:$G,"TRAVEL_NIGHT") | W4: =IF($E4=1,IF(AND($H4>=Settings!$C$39,$J4>=Settings!$C$40,$L4>=Settings!$C$41),1,0),"") | X4: =IF($A4="","",IF(COUNTIFS(Raw_Events!$D:$D,$A4,Raw_Events!$G:$G,"ORIGINATION_ACTION")>0,COUNTIFS(Raw_Events!$D:$D,$A4,Raw_Events!$G:$G,"ORIGINATION_ACTION"),COUNTIFS(Raw_Events!$D:$D,$A4,Raw_Events!$G:$G,"STAKEHOLDER_CHAT")+COUNTIFS(Raw_Events!$D:$D,$A4,Raw_Events!$G:$G,"MEMO_WRITTEN")+COUNTIFS(Raw_Events!$D:$D,$A4,Raw_Events!$G:$G,"INITIATIVE_PRESENTED_VP")+COUNTIFS(Raw_Events!$D:$D,$A4,Raw_Events!$G:$G,"INITIATIVE_IDEA"))) | Y4: =IF($X4="","",IF($X4>=1,1,0)) | Z4: =COUNTIFS(Raw_Events!$D:$D,$A4,Raw_Events!$G:$G,"WORKOUT_SKIPPED") | AA4: =COUNTIFS(Raw_Events!$D:$D,$A4,Raw_Events!$G:$G,"COMMUNITY_SESSION") | AB4: =COUNTIFS(Raw_Events!$D:$D,$A4,Raw_Events!$G:$G,"HOSTED_EVENT") | AC4: =SUMIFS(Raw_Events!$H:$H,Raw_Events!$D:$D,$A4,Raw_Events!$G:$G,"IDEA_STAR") | AD4: =IF($A4="","",IF(ROW()=3,"",IF(AND($H4<1,INDEX($H:$H,ROW()-1)<1),1,0))) | AE4: =IF($A4="","",IF(ROW()=3,"",IF(AND($I4<2,INDEX($I:$I,ROW()-1)<2),1,0))) | AF4: =IF($A4="","",IF(OR($E4=1,$AD4=1,$AE4=1),1,0)) | AG4: =IF($A4="","",IF(ROW()=3,"",IF(AND($B4>=Settings!$C$14,INDEX($B:$B,ROW()-1)>=Settings!$C$14),1,0))) | AH4: =IF($A4="","",IF(AND($L4>=Settings!$C$34,$AC4<1),1,0)) | AI4: =SUMIFS(Raw_Events!$H:$H,Raw_Events!$D:$D,$A4,Raw_Events!$G:$G,"DEEP_WORK_HOURS") | AJ4: =SUMIFS(Raw_Events!$H:$H,Raw_Events!$D:$D,$A4,Raw_Events!$G:$G,"EDUCATION_HOURS") | AK4: =SUMIFS(Raw_Events!$H:$H,Raw_Events!$D:$D,$A4,Raw_Events!$G:$G,"HOBBY_HOURS") | AL4: =SUMIFS(Raw_Events!$H:$H,Raw_Events!$D:$D,$A4,Raw_Events!$G:$G,"PARTNER_QUALITY_TIME") | AM4: =IFERROR(MAXIFS(Raw_Events!$H:$H,Raw_Events!$D:$D,$A4,Raw_Events!$G:$G,"INVESTMENT_COVERAGE"),"")
A5: 46041 | B5: =IFERROR(VLOOKUP($A5,Raw_Weekly!$A:$G,2,FALSE),"") | C5: =IFERROR(VLOOKUP($A5,Raw_Weekly!$A:$G,3,FALSE),"") | D5: =IFERROR(VLOOKUP($A5,Raw_Weekly!$A:$G,4,FALSE),0) | E5: =IF($B5="","",IF(OR($B5>=Settings!$C$14,IFERROR(VLOOKUP($A5,Raw_Weekly!$A:$H,8,FALSE),0)=1),1,0)) | F5: =IF($B5="","",IF($B5<=Settings!$C$13,1,0)) | G5: =IF($C5="","",IF($C5<=Settings!$C$12,1,0)) | H5: =COUNTIFS(Raw_Events!$D:$D,$A5,Raw_Events!$G:$G,"SOCIAL_MEET")+COUNTIFS(Raw_Events!$D:$D,$A5,Raw_Events!$G:$G,"COMMUNITY_SESSION")+COUNTIFS(Raw_Events!$D:$D,$A5,Raw_Events!$G:$G,"HOSTED_EVENT") | I5: =COUNTIFS(Raw_Events!$D:$D,$A5,Raw_Events!$G:$G,"DATE") | J5: =COUNTIFS(Raw_Events!$D:$D,$A5,Raw_Events!$G:$G,"TRAINING_MIN")+COUNTIFS(Raw_Events!$D:$D,$A5,Raw_Events!$G:$G,"DICTION_TRAINING_MIN") | K5: =SUMIFS(Raw_Events!$H:$H,Raw_Events!$D:$D,$A5,Raw_Events!$G:$G,"TRAINING_MIN")+SUMIFS(Raw_Events!$H:$H,Raw_Events!$D:$D,$A5,Raw_Events!$G:$G,"DICTION_TRAINING_MIN") | L5: =SUMIFS(Raw_Events!$H:$H,Raw_Events!$D:$D,$A5,Raw_Events!$G:$G,"IDEA") | M5: =SUMIFS(Raw_Events!$H:$H,Raw_Events!$D:$D,$A5,Raw_Events!$G:$G,"MINDFULNESS_MIN") | N5: =SUMIFS(Daily_Agg!$G:$G,Daily_Agg!$A:$A,">="&$A5,Daily_Agg!$A:$A,"<"&$A5+7) | O5: =SUMIFS(Daily_Agg!$E:$E,Daily_Agg!$A:$A,">="&$A5,Daily_Agg!$A:$A,"<"&$A5+7) | P5: =SUMIFS(Raw_Events!$L:$L,Raw_Events!$D:$D,$A5,Raw_Events!$G:$G,"ALCOHOL") | Q5: =SUMIFS(Raw_Events!$H:$H,Raw_Events!$D:$D,$A5,Raw_Events!$G:$G,"CIGARETTES") | R5: =SUMIFS(Raw_Events!$H:$H,Raw_Events!$D:$D,$A5,Raw_Events!$G:$G,"UNHEALTHY_MEAL") | S5: =COUNTIFS(Raw_Events!$D:$D,$A5,Raw_Events!$G:$G,"WORKOUT") | T5: =IFERROR(VLOOKUP($A5,Raw_Weekly!$A:$G,5,FALSE),"") | U5: =COUNTIFS(Raw_Events!$D:$D,$A5,Raw_Events!$G:$G,"NEW_ACTIVITY") | V5: =SUMIFS(Raw_Events!$H:$H,Raw_Events!$D:$D,$A5,Raw_Events!$G:$G,"TRAVEL_NIGHT") | W5: =IF($E5=1,IF(AND($H5>=Settings!$C$39,$J5>=Settings!$C$40,$L5>=Settings!$C$41),1,0),"") | X5: =IF($A5="","",IF(COUNTIFS(Raw_Events!$D:$D,$A5,Raw_Events!$G:$G,"ORIGINATION_ACTION")>0,COUNTIFS(Raw_Events!$D:$D,$A5,Raw_Events!$G:$G,"ORIGINATION_ACTION"),COUNTIFS(Raw_Events!$D:$D,$A5,Raw_Events!$G:$G,"STAKEHOLDER_CHAT")+COUNTIFS(Raw_Events!$D:$D,$A5,Raw_Events!$G:$G,"MEMO_WRITTEN")+COUNTIFS(Raw_Events!$D:$D,$A5,Raw_Events!$G:$G,"INITIATIVE_PRESENTED_VP")+COUNTIFS(Raw_Events!$D:$D,$A5,Raw_Events!$G:$G,"INITIATIVE_IDEA"))) | Y5: =IF($X5="","",IF($X5>=1,1,0)) | Z5: =COUNTIFS(Raw_Events!$D:$D,$A5,Raw_Events!$G:$G,"WORKOUT_SKIPPED") | AA5: =COUNTIFS(Raw_Events!$D:$D,$A5,Raw_Events!$G:$G,"COMMUNITY_SESSION") | AB5: =COUNTIFS(Raw_Events!$D:$D,$A5,Raw_Events!$G:$G,"HOSTED_EVENT") | AC5: =SUMIFS(Raw_Events!$H:$H,Raw_Events!$D:$D,$A5,Raw_Events!$G:$G,"IDEA_STAR") | AD5: =IF($A5="","",IF(ROW()=3,"",IF(AND($H5<1,INDEX($H:$H,ROW()-1)<1),1,0))) | AE5: =IF($A5="","",IF(ROW()=3,"",IF(AND($I5<2,INDEX($I:$I,ROW()-1)<2),1,0))) | AF5: =IF($A5="","",IF(OR($E5=1,$AD5=1,$AE5=1),1,0)) | AG5: =IF($A5="","",IF(ROW()=3,"",IF(AND($B5>=Settings!$C$14,INDEX($B:$B,ROW()-1)>=Settings!$C$14),1,0))) | AH5: =IF($A5="","",IF(AND($L5>=Settings!$C$34,$AC5<1),1,0)) | AI5: =SUMIFS(Raw_Events!$H:$H,Raw_Events!$D:$D,$A5,Raw_Events!$G:$G,"DEEP_WORK_HOURS") | AJ5: =SUMIFS(Raw_Events!$H:$H,Raw_Events!$D:$D,$A5,Raw_Events!$G:$G,"EDUCATION_HOURS") | AK5: =SUMIFS(Raw_Events!$H:$H,Raw_Events!$D:$D,$A5,Raw_Events!$G:$G,"HOBBY_HOURS") | AL5: =SUMIFS(Raw_Events!$H:$H,Raw_Events!$D:$D,$A5,Raw_Events!$G:$G,"PARTNER_QUALITY_TIME") | AM5: =IFERROR(MAXIFS(Raw_Events!$H:$H,Raw_Events!$D:$D,$A5,Raw_Events!$G:$G,"INVESTMENT_COVERAGE"),"")
A6: 46048 | B6: =IFERROR(VLOOKUP($A6,Raw_Weekly!$A:$G,2,FALSE),"") | C6: =IFERROR(VLOOKUP($A6,Raw_Weekly!$A:$G,3,FALSE),"") | D6: =IFERROR(VLOOKUP($A6,Raw_Weekly!$A:$G,4,FALSE),0) | E6: =IF($B6="","",IF(OR($B6>=Settings!$C$14,IFERROR(VLOOKUP($A6,Raw_Weekly!$A:$H,8,FALSE),0)=1),1,0)) | F6: =IF($B6="","",IF($B6<=Settings!$C$13,1,0)) | G6: =IF($C6="","",IF($C6<=Settings!$C$12,1,0)) | H6: =COUNTIFS(Raw_Events!$D:$D,$A6,Raw_Events!$G:$G,"SOCIAL_MEET")+COUNTIFS(Raw_Events!$D:$D,$A6,Raw_Events!$G:$G,"COMMUNITY_SESSION")+COUNTIFS(Raw_Events!$D:$D,$A6,Raw_Events!$G:$G,"HOSTED_EVENT") | I6: =COUNTIFS(Raw_Events!$D:$D,$A6,Raw_Events!$G:$G,"DATE") | J6: =COUNTIFS(Raw_Events!$D:$D,$A6,Raw_Events!$G:$G,"TRAINING_MIN")+COUNTIFS(Raw_Events!$D:$D,$A6,Raw_Events!$G:$G,"DICTION_TRAINING_MIN") | K6: =SUMIFS(Raw_Events!$H:$H,Raw_Events!$D:$D,$A6,Raw_Events!$G:$G,"TRAINING_MIN")+SUMIFS(Raw_Events!$H:$H,Raw_Events!$D:$D,$A6,Raw_Events!$G:$G,"DICTION_TRAINING_MIN") | L6: =SUMIFS(Raw_Events!$H:$H,Raw_Events!$D:$D,$A6,Raw_Events!$G:$G,"IDEA") | M6: =SUMIFS(Raw_Events!$H:$H,Raw_Events!$D:$D,$A6,Raw_Events!$G:$G,"MINDFULNESS_MIN") | N6: =SUMIFS(Daily_Agg!$G:$G,Daily_Agg!$A:$A,">="&$A6,Daily_Agg!$A:$A,"<"&$A6+7) | O6: =SUMIFS(Daily_Agg!$E:$E,Daily_Agg!$A:$A,">="&$A6,Daily_Agg!$A:$A,"<"&$A6+7) | P6: =SUMIFS(Raw_Events!$L:$L,Raw_Events!$D:$D,$A6,Raw_Events!$G:$G,"ALCOHOL") | Q6: =SUMIFS(Raw_Events!$H:$H,Raw_Events!$D:$D,$A6,Raw_Events!$G:$G,"CIGARETTES") | R6: =SUMIFS(Raw_Events!$H:$H,Raw_Events!$D:$D,$A6,Raw_Events!$G:$G,"UNHEALTHY_MEAL") | S6: =COUNTIFS(Raw_Events!$D:$D,$A6,Raw_Events!$G:$G,"WORKOUT") | T6: =IFERROR(VLOOKUP($A6,Raw_Weekly!$A:$G,5,FALSE),"") | U6: =COUNTIFS(Raw_Events!$D:$D,$A6,Raw_Events!$G:$G,"NEW_ACTIVITY") | V6: =SUMIFS(Raw_Events!$H:$H,Raw_Events!$D:$D,$A6,Raw_Events!$G:$G,"TRAVEL_NIGHT") | W6: =IF($E6=1,IF(AND($H6>=Settings!$C$39,$J6>=Settings!$C$40,$L6>=Settings!$C$41),1,0),"") | X6: =IF($A6="","",IF(COUNTIFS(Raw_Events!$D:$D,$A6,Raw_Events!$G:$G,"ORIGINATION_ACTION")>0,COUNTIFS(Raw_Events!$D:$D,$A6,Raw_Events!$G:$G,"ORIGINATION_ACTION"),COUNTIFS(Raw_Events!$D:$D,$A6,Raw_Events!$G:$G,"STAKEHOLDER_CHAT")+COUNTIFS(Raw_Events!$D:$D,$A6,Raw_Events!$G:$G,"MEMO_WRITTEN")+COUNTIFS(Raw_Events!$D:$D,$A6,Raw_Events!$G:$G,"INITIATIVE_PRESENTED_VP")+COUNTIFS(Raw_Events!$D:$D,$A6,Raw_Events!$G:$G,"INITIATIVE_IDEA"))) | Y6: =IF($X6="","",IF($X6>=1,1,0)) | Z6: =COUNTIFS(Raw_Events!$D:$D,$A6,Raw_Events!$G:$G,"WORKOUT_SKIPPED") | AA6: =COUNTIFS(Raw_Events!$D:$D,$A6,Raw_Events!$G:$G,"COMMUNITY_SESSION") | AB6: =COUNTIFS(Raw_Events!$D:$D,$A6,Raw_Events!$G:$G,"HOSTED_EVENT") | AC6: =SUMIFS(Raw_Events!$H:$H,Raw_Events!$D:$D,$A6,Raw_Events!$G:$G,"IDEA_STAR") | AD6: =IF($A6="","",IF(ROW()=3,"",IF(AND($H6<1,INDEX($H:$H,ROW()-1)<1),1,0))) | AE6: =IF($A6="","",IF(ROW()=3,"",IF(AND($I6<2,INDEX($I:$I,ROW()-1)<2),1,0))) | AF6: =IF($A6="","",IF(OR($E6=1,$AD6=1,$AE6=1),1,0)) | AG6: =IF($A6="","",IF(ROW()=3,"",IF(AND($B6>=Settings!$C$14,INDEX($B:$B,ROW()-1)>=Settings!$C$14),1,0))) | AH6: =IF($A6="","",IF(AND($L6>=Settings!$C$34,$AC6<1),1,0)) | AI6: =SUMIFS(Raw_Events!$H:$H,Raw_Events!$D:$D,$A6,Raw_Events!$G:$G,"DEEP_WORK_HOURS") | AJ6: =SUMIFS(Raw_Events!$H:$H,Raw_Events!$D:$D,$A6,Raw_Events!$G:$G,"EDUCATION_HOURS") | AK6: =SUMIFS(Raw_Events!$H:$H,Raw_Events!$D:$D,$A6,Raw_Events!$G:$G,"HOBBY_HOURS") | AL6: =SUMIFS(Raw_Events!$H:$H,Raw_Events!$D:$D,$A6,Raw_Events!$G:$G,"PARTNER_QUALITY_TIME") | AM6: =IFERROR(MAXIFS(Raw_Events!$H:$H,Raw_Events!$D:$D,$A6,Raw_Events!$G:$G,"INVESTMENT_COVERAGE"),"")
A7: 46055 | B7: =IFERROR(VLOOKUP($A7,Raw_Weekly!$A:$G,2,FALSE),"") | C7: =IFERROR(VLOOKUP($A7,Raw_Weekly!$A:$G,3,FALSE),"") | D7: =IFERROR(VLOOKUP($A7,Raw_Weekly!$A:$G,4,FALSE),0) | E7: =IF($B7="","",IF(OR($B7>=Settings!$C$14,IFERROR(VLOOKUP($A7,Raw_Weekly!$A:$H,8,FALSE),0)=1),1,0)) | F7: =IF($B7="","",IF($B7<=Settings!$C$13,1,0)) | G7: =IF($C7="","",IF($C7<=Settings!$C$12,1,0)) | H7: =COUNTIFS(Raw_Events!$D:$D,$A7,Raw_Events!$G:$G,"SOCIAL_MEET")+COUNTIFS(Raw_Events!$D:$D,$A7,Raw_Events!$G:$G,"COMMUNITY_SESSION")+COUNTIFS(Raw_Events!$D:$D,$A7,Raw_Events!$G:$G,"HOSTED_EVENT") | I7: =COUNTIFS(Raw_Events!$D:$D,$A7,Raw_Events!$G:$G,"DATE") | J7: =COUNTIFS(Raw_Events!$D:$D,$A7,Raw_Events!$G:$G,"TRAINING_MIN")+COUNTIFS(Raw_Events!$D:$D,$A7,Raw_Events!$G:$G,"DICTION_TRAINING_MIN") | K7: =SUMIFS(Raw_Events!$H:$H,Raw_Events!$D:$D,$A7,Raw_Events!$G:$G,"TRAINING_MIN")+SUMIFS(Raw_Events!$H:$H,Raw_Events!$D:$D,$A7,Raw_Events!$G:$G,"DICTION_TRAINING_MIN") | L7: =SUMIFS(Raw_Events!$H:$H,Raw_Events!$D:$D,$A7,Raw_Events!$G:$G,"IDEA") | M7: =SUMIFS(Raw_Events!$H:$H,Raw_Events!$D:$D,$A7,Raw_Events!$G:$G,"MINDFULNESS_MIN") | N7: =SUMIFS(Daily_Agg!$G:$G,Daily_Agg!$A:$A,">="&$A7,Daily_Agg!$A:$A,"<"&$A7+7) | O7: =SUMIFS(Daily_Agg!$E:$E,Daily_Agg!$A:$A,">="&$A7,Daily_Agg!$A:$A,"<"&$A7+7) | P7: =SUMIFS(Raw_Events!$L:$L,Raw_Events!$D:$D,$A7,Raw_Events!$G:$G,"ALCOHOL") | Q7: =SUMIFS(Raw_Events!$H:$H,Raw_Events!$D:$D,$A7,Raw_Events!$G:$G,"CIGARETTES") | R7: =SUMIFS(Raw_Events!$H:$H,Raw_Events!$D:$D,$A7,Raw_Events!$G:$G,"UNHEALTHY_MEAL") | S7: =COUNTIFS(Raw_Events!$D:$D,$A7,Raw_Events!$G:$G,"WORKOUT") | T7: =IFERROR(VLOOKUP($A7,Raw_Weekly!$A:$G,5,FALSE),"") | U7: =COUNTIFS(Raw_Events!$D:$D,$A7,Raw_Events!$G:$G,"NEW_ACTIVITY") | V7: =SUMIFS(Raw_Events!$H:$H,Raw_Events!$D:$D,$A7,Raw_Events!$G:$G,"TRAVEL_NIGHT") | W7: =IF($E7=1,IF(AND($H7>=Settings!$C$39,$J7>=Settings!$C$40,$L7>=Settings!$C$41),1,0),"") | X7: =IF($A7="","",IF(COUNTIFS(Raw_Events!$D:$D,$A7,Raw_Events!$G:$G,"ORIGINATION_ACTION")>0,COUNTIFS(Raw_Events!$D:$D,$A7,Raw_Events!$G:$G,"ORIGINATION_ACTION"),COUNTIFS(Raw_Events!$D:$D,$A7,Raw_Events!$G:$G,"STAKEHOLDER_CHAT")+COUNTIFS(Raw_Events!$D:$D,$A7,Raw_Events!$G:$G,"MEMO_WRITTEN")+COUNTIFS(Raw_Events!$D:$D,$A7,Raw_Events!$G:$G,"INITIATIVE_PRESENTED_VP")+COUNTIFS(Raw_Events!$D:$D,$A7,Raw_Events!$G:$G,"INITIATIVE_IDEA"))) | Y7: =IF($X7="","",IF($X7>=1,1,0)) | Z7: =COUNTIFS(Raw_Events!$D:$D,$A7,Raw_Events!$G:$G,"WORKOUT_SKIPPED") | AA7: =COUNTIFS(Raw_Events!$D:$D,$A7,Raw_Events!$G:$G,"COMMUNITY_SESSION") | AB7: =COUNTIFS(Raw_Events!$D:$D,$A7,Raw_Events!$G:$G,"HOSTED_EVENT") | AC7: =SUMIFS(Raw_Events!$H:$H,Raw_Events!$D:$D,$A7,Raw_Events!$G:$G,"IDEA_STAR") | AD7: =IF($A7="","",IF(ROW()=3,"",IF(AND($H7<1,INDEX($H:$H,ROW()-1)<1),1,0))) | AE7: =IF($A7="","",IF(ROW()=3,"",IF(AND($I7<2,INDEX($I:$I,ROW()-1)<2),1,0))) | AF7: =IF($A7="","",IF(OR($E7=1,$AD7=1,$AE7=1),1,0)) | AG7: =IF($A7="","",IF(ROW()=3,"",IF(AND($B7>=Settings!$C$14,INDEX($B:$B,ROW()-1)>=Settings!$C$14),1,0))) | AH7: =IF($A7="","",IF(AND($L7>=Settings!$C$34,$AC7<1),1,0)) | AI7: =SUMIFS(Raw_Events!$H:$H,Raw_Events!$D:$D,$A7,Raw_Events!$G:$G,"DEEP_WORK_HOURS") | AJ7: =SUMIFS(Raw_Events!$H:$H,Raw_Events!$D:$D,$A7,Raw_Events!$G:$G,"EDUCATION_HOURS") | AK7: =SUMIFS(Raw_Events!$H:$H,Raw_Events!$D:$D,$A7,Raw_Events!$G:$G,"HOBBY_HOURS") | AL7: =SUMIFS(Raw_Events!$H:$H,Raw_Events!$D:$D,$A7,Raw_Events!$G:$G,"PARTNER_QUALITY_TIME") | AM7: =IFERROR(MAXIFS(Raw_Events!$H:$H,Raw_Events!$D:$D,$A7,Raw_Events!$G:$G,"INVESTMENT_COVERAGE"),"")
A8: 46062 | B8: =IFERROR(VLOOKUP($A8,Raw_Weekly!$A:$G,2,FALSE),"") | C8: =IFERROR(VLOOKUP($A8,Raw_Weekly!$A:$G,3,FALSE),"") | D8: =IFERROR(VLOOKUP($A8,Raw_Weekly!$A:$G,4,FALSE),0) | E8: =IF($B8="","",IF(OR($B8>=Settings!$C$14,IFERROR(VLOOKUP($A8,Raw_Weekly!$A:$H,8,FALSE),0)=1),1,0)) | F8: =IF($B8="","",IF($B8<=Settings!$C$13,1,0)) | G8: =IF($C8="","",IF($C8<=Settings!$C$12,1,0)) | H8: =COUNTIFS(Raw_Events!$D:$D,$A8,Raw_Events!$G:$G,"SOCIAL_MEET")+COUNTIFS(Raw_Events!$D:$D,$A8,Raw_Events!$G:$G,"COMMUNITY_SESSION")+COUNTIFS(Raw_Events!$D:$D,$A8,Raw_Events!$G:$G,"HOSTED_EVENT") | I8: =COUNTIFS(Raw_Events!$D:$D,$A8,Raw_Events!$G:$G,"DATE") | J8: =COUNTIFS(Raw_Events!$D:$D,$A8,Raw_Events!$G:$G,"TRAINING_MIN")+COUNTIFS(Raw_Events!$D:$D,$A8,Raw_Events!$G:$G,"DICTION_TRAINING_MIN") | K8: =SUMIFS(Raw_Events!$H:$H,Raw_Events!$D:$D,$A8,Raw_Events!$G:$G,"TRAINING_MIN")+SUMIFS(Raw_Events!$H:$H,Raw_Events!$D:$D,$A8,Raw_Events!$G:$G,"DICTION_TRAINING_MIN") | L8: =SUMIFS(Raw_Events!$H:$H,Raw_Events!$D:$D,$A8,Raw_Events!$G:$G,"IDEA") | M8: =SUMIFS(Raw_Events!$H:$H,Raw_Events!$D:$D,$A8,Raw_Events!$G:$G,"MINDFULNESS_MIN") | N8: =SUMIFS(Daily_Agg!$G:$G,Daily_Agg!$A:$A,">="&$A8,Daily_Agg!$A:$A,"<"&$A8+7) | O8: =SUMIFS(Daily_Agg!$E:$E,Daily_Agg!$A:$A,">="&$A8,Daily_Agg!$A:$A,"<"&$A8+7) | P8: =SUMIFS(Raw_Events!$L:$L,Raw_Events!$D:$D,$A8,Raw_Events!$G:$G,"ALCOHOL") | Q8: =SUMIFS(Raw_Events!$H:$H,Raw_Events!$D:$D,$A8,Raw_Events!$G:$G,"CIGARETTES") | R8: =SUMIFS(Raw_Events!$H:$H,Raw_Events!$D:$D,$A8,Raw_Events!$G:$G,"UNHEALTHY_MEAL") | S8: =COUNTIFS(Raw_Events!$D:$D,$A8,Raw_Events!$G:$G,"WORKOUT") | T8: =IFERROR(VLOOKUP($A8,Raw_Weekly!$A:$G,5,FALSE),"") | U8: =COUNTIFS(Raw_Events!$D:$D,$A8,Raw_Events!$G:$G,"NEW_ACTIVITY") | V8: =SUMIFS(Raw_Events!$H:$H,Raw_Events!$D:$D,$A8,Raw_Events!$G:$G,"TRAVEL_NIGHT") | W8: =IF($E8=1,IF(AND($H8>=Settings!$C$39,$J8>=Settings!$C$40,$L8>=Settings!$C$41),1,0),"") | X8: =IF($A8="","",IF(COUNTIFS(Raw_Events!$D:$D,$A8,Raw_Events!$G:$G,"ORIGINATION_ACTION")>0,COUNTIFS(Raw_Events!$D:$D,$A8,Raw_Events!$G:$G,"ORIGINATION_ACTION"),COUNTIFS(Raw_Events!$D:$D,$A8,Raw_Events!$G:$G,"STAKEHOLDER_CHAT")+COUNTIFS(Raw_Events!$D:$D,$A8,Raw_Events!$G:$G,"MEMO_WRITTEN")+COUNTIFS(Raw_Events!$D:$D,$A8,Raw_Events!$G:$G,"INITIATIVE_PRESENTED_VP")+COUNTIFS(Raw_Events!$D:$D,$A8,Raw_Events!$G:$G,"INITIATIVE_IDEA"))) | Y8: =IF($X8="","",IF($X8>=1,1,0)) | Z8: =COUNTIFS(Raw_Events!$D:$D,$A8,Raw_Events!$G:$G,"WORKOUT_SKIPPED") | AA8: =COUNTIFS(Raw_Events!$D:$D,$A8,Raw_Events!$G:$G,"COMMUNITY_SESSION") | AB8: =COUNTIFS(Raw_Events!$D:$D,$A8,Raw_Events!$G:$G,"HOSTED_EVENT") | AC8: =SUMIFS(Raw_Events!$H:$H,Raw_Events!$D:$D,$A8,Raw_Events!$G:$G,"IDEA_STAR") | AD8: =IF($A8="","",IF(ROW()=3,"",IF(AND($H8<1,INDEX($H:$H,ROW()-1)<1),1,0))) | AE8: =IF($A8="","",IF(ROW()=3,"",IF(AND($I8<2,INDEX($I:$I,ROW()-1)<2),1,0))) | AF8: =IF($A8="","",IF(OR($E8=1,$AD8=1,$AE8=1),1,0)) | AG8: =IF($A8="","",IF(ROW()=3,"",IF(AND($B8>=Settings!$C$14,INDEX($B:$B,ROW()-1)>=Settings!$C$14),1,0))) | AH8: =IF($A8="","",IF(AND($L8>=Settings!$C$34,$AC8<1),1,0)) | AI8: =SUMIFS(Raw_Events!$H:$H,Raw_Events!$D:$D,$A8,Raw_Events!$G:$G,"DEEP_WORK_HOURS") | AJ8: =SUMIFS(Raw_Events!$H:$H,Raw_Events!$D:$D,$A8,Raw_Events!$G:$G,"EDUCATION_HOURS") | AK8: =SUMIFS(Raw_Events!$H:$H,Raw_Events!$D:$D,$A8,Raw_Events!$G:$G,"HOBBY_HOURS") | AL8: =SUMIFS(Raw_Events!$H:$H,Raw_Events!$D:$D,$A8,Raw_Events!$G:$G,"PARTNER_QUALITY_TIME") | AM8: =IFERROR(MAXIFS(Raw_Events!$H:$H,Raw_Events!$D:$D,$A8,Raw_Events!$G:$G,"INVESTMENT_COVERAGE"),"")
A9: 46069 | B9: =IFERROR(VLOOKUP($A9,Raw_Weekly!$A:$G,2,FALSE),"") | C9: =IFERROR(VLOOKUP($A9,Raw_Weekly!$A:$G,3,FALSE),"") | D9: =IFERROR(VLOOKUP($A9,Raw_Weekly!$A:$G,4,FALSE),0) | E9: =IF($B9="","",IF(OR($B9>=Settings!$C$14,IFERROR(VLOOKUP($A9,Raw_Weekly!$A:$H,8,FALSE),0)=1),1,0)) | F9: =IF($B9="","",IF($B9<=Settings!$C$13,1,0)) | G9: =IF($C9="","",IF($C9<=Settings!$C$12,1,0)) | H9: =COUNTIFS(Raw_Events!$D:$D,$A9,Raw_Events!$G:$G,"SOCIAL_MEET")+COUNTIFS(Raw_Events!$D:$D,$A9,Raw_Events!$G:$G,"COMMUNITY_SESSION")+COUNTIFS(Raw_Events!$D:$D,$A9,Raw_Events!$G:$G,"HOSTED_EVENT") | I9: =COUNTIFS(Raw_Events!$D:$D,$A9,Raw_Events!$G:$G,"DATE") | J9: =COUNTIFS(Raw_Events!$D:$D,$A9,Raw_Events!$G:$G,"TRAINING_MIN")+COUNTIFS(Raw_Events!$D:$D,$A9,Raw_Events!$G:$G,"DICTION_TRAINING_MIN") | K9: =SUMIFS(Raw_Events!$H:$H,Raw_Events!$D:$D,$A9,Raw_Events!$G:$G,"TRAINING_MIN")+SUMIFS(Raw_Events!$H:$H,Raw_Events!$D:$D,$A9,Raw_Events!$G:$G,"DICTION_TRAINING_MIN") | L9: =SUMIFS(Raw_Events!$H:$H,Raw_Events!$D:$D,$A9,Raw_Events!$G:$G,"IDEA") | M9: =SUMIFS(Raw_Events!$H:$H,Raw_Events!$D:$D,$A9,Raw_Events!$G:$G,"MINDFULNESS_MIN") | N9: =SUMIFS(Daily_Agg!$G:$G,Daily_Agg!$A:$A,">="&$A9,Daily_Agg!$A:$A,"<"&$A9+7) | O9: =SUMIFS(Daily_Agg!$E:$E,Daily_Agg!$A:$A,">="&$A9,Daily_Agg!$A:$A,"<"&$A9+7) | P9: =SUMIFS(Raw_Events!$L:$L,Raw_Events!$D:$D,$A9,Raw_Events!$G:$G,"ALCOHOL") | Q9: =SUMIFS(Raw_Events!$H:$H,Raw_Events!$D:$D,$A9,Raw_Events!$G:$G,"CIGARETTES") | R9: =SUMIFS(Raw_Events!$H:$H,Raw_Events!$D:$D,$A9,Raw_Events!$G:$G,"UNHEALTHY_MEAL") | S9: =COUNTIFS(Raw_Events!$D:$D,$A9,Raw_Events!$G:$G,"WORKOUT") | T9: =IFERROR(VLOOKUP($A9,Raw_Weekly!$A:$G,5,FALSE),"") | U9: =COUNTIFS(Raw_Events!$D:$D,$A9,Raw_Events!$G:$G,"NEW_ACTIVITY") | V9: =SUMIFS(Raw_Events!$H:$H,Raw_Events!$D:$D,$A9,Raw_Events!$G:$G,"TRAVEL_NIGHT") | W9: =IF($E9=1,IF(AND($H9>=Settings!$C$39,$J9>=Settings!$C$40,$L9>=Settings!$C$41),1,0),"") | X9: =IF($A9="","",IF(COUNTIFS(Raw_Events!$D:$D,$A9,Raw_Events!$G:$G,"ORIGINATION_ACTION")>0,COUNTIFS(Raw_Events!$D:$D,$A9,Raw_Events!$G:$G,"ORIGINATION_ACTION"),COUNTIFS(Raw_Events!$D:$D,$A9,Raw_Events!$G:$G,"STAKEHOLDER_CHAT")+COUNTIFS(Raw_Events!$D:$D,$A9,Raw_Events!$G:$G,"MEMO_WRITTEN")+COUNTIFS(Raw_Events!$D:$D,$A9,Raw_Events!$G:$G,"INITIATIVE_PRESENTED_VP")+COUNTIFS(Raw_Events!$D:$D,$A9,Raw_Events!$G:$G,"INITIATIVE_IDEA"))) | Y9: =IF($X9="","",IF($X9>=1,1,0)) | Z9: =COUNTIFS(Raw_Events!$D:$D,$A9,Raw_Events!$G:$G,"WORKOUT_SKIPPED") | AA9: =COUNTIFS(Raw_Events!$D:$D,$A9,Raw_Events!$G:$G,"COMMUNITY_SESSION") | AB9: =COUNTIFS(Raw_Events!$D:$D,$A9,Raw_Events!$G:$G,"HOSTED_EVENT") | AC9: =SUMIFS(Raw_Events!$H:$H,Raw_Events!$D:$D,$A9,Raw_Events!$G:$G,"IDEA_STAR") | AD9: =IF($A9="","",IF(ROW()=3,"",IF(AND($H9<1,INDEX($H:$H,ROW()-1)<1),1,0))) | AE9: =IF($A9="","",IF(ROW()=3,"",IF(AND($I9<2,INDEX($I:$I,ROW()-1)<2),1,0))) | AF9: =IF($A9="","",IF(OR($E9=1,$AD9=1,$AE9=1),1,0)) | AG9: =IF($A9="","",IF(ROW()=3,"",IF(AND($B9>=Settings!$C$14,INDEX($B:$B,ROW()-1)>=Settings!$C$14),1,0))) | AH9: =IF($A9="","",IF(AND($L9>=Settings!$C$34,$AC9<1),1,0)) | AI9: =SUMIFS(Raw_Events!$H:$H,Raw_Events!$D:$D,$A9,Raw_Events!$G:$G,"DEEP_WORK_HOURS") | AJ9: =SUMIFS(Raw_Events!$H:$H,Raw_Events!$D:$D,$A9,Raw_Events!$G:$G,"EDUCATION_HOURS") | AK9: =SUMIFS(Raw_Events!$H:$H,Raw_Events!$D:$D,$A9,Raw_Events!$G:$G,"HOBBY_HOURS") | AL9: =SUMIFS(Raw_Events!$H:$H,Raw_Events!$D:$D,$A9,Raw_Events!$G:$G,"PARTNER_QUALITY_TIME") | AM9: =IFERROR(MAXIFS(Raw_Events!$H:$H,Raw_Events!$D:$D,$A9,Raw_Events!$G:$G,"INVESTMENT_COVERAGE"),"")
A10: 46076 | B10: =IFERROR(VLOOKUP($A10,Raw_Weekly!$A:$G,2,FALSE),"") | C10: =IFERROR(VLOOKUP($A10,Raw_Weekly!$A:$G,3,FALSE),"") | D10: =IFERROR(VLOOKUP($A10,Raw_Weekly!$A:$G,4,FALSE),0) | E10: =IF($B10="","",IF(OR($B10>=Settings!$C$14,IFERROR(VLOOKUP($A10,Raw_Weekly!$A:$H,8,FALSE),0)=1),1,0)) | F10: =IF($B10="","",IF($B10<=Settings!$C$13,1,0)) | G10: =IF($C10="","",IF($C10<=Settings!$C$12,1,0)) | H10: =COUNTIFS(Raw_Events!$D:$D,$A10,Raw_Events!$G:$G,"SOCIAL_MEET")+COUNTIFS(Raw_Events!$D:$D,$A10,Raw_Events!$G:$G,"COMMUNITY_SESSION")+COUNTIFS(Raw_Events!$D:$D,$A10,Raw_Events!$G:$G,"HOSTED_EVENT") | I10: =COUNTIFS(Raw_Events!$D:$D,$A10,Raw_Events!$G:$G,"DATE") | J10: =COUNTIFS(Raw_Events!$D:$D,$A10,Raw_Events!$G:$G,"TRAINING_MIN")+COUNTIFS(Raw_Events!$D:$D,$A10,Raw_Events!$G:$G,"DICTION_TRAINING_MIN") | K10: =SUMIFS(Raw_Events!$H:$H,Raw_Events!$D:$D,$A10,Raw_Events!$G:$G,"TRAINING_MIN")+SUMIFS(Raw_Events!$H:$H,Raw_Events!$D:$D,$A10,Raw_Events!$G:$G,"DICTION_TRAINING_MIN") | L10: =SUMIFS(Raw_Events!$H:$H,Raw_Events!$D:$D,$A10,Raw_Events!$G:$G,"IDEA") | M10: =SUMIFS(Raw_Events!$H:$H,Raw_Events!$D:$D,$A10,Raw_Events!$G:$G,"MINDFULNESS_MIN") | N10: =SUMIFS(Daily_Agg!$G:$G,Daily_Agg!$A:$A,">="&$A10,Daily_Agg!$A:$A,"<"&$A10+7) | O10: =SUMIFS(Daily_Agg!$E:$E,Daily_Agg!$A:$A,">="&$A10,Daily_Agg!$A:$A,"<"&$A10+7) | P10: =SUMIFS(Raw_Events!$L:$L,Raw_Events!$D:$D,$A10,Raw_Events!$G:$G,"ALCOHOL") | Q10: =SUMIFS(Raw_Events!$H:$H,Raw_Events!$D:$D,$A10,Raw_Events!$G:$G,"CIGARETTES") | R10: =SUMIFS(Raw_Events!$H:$H,Raw_Events!$D:$D,$A10,Raw_Events!$G:$G,"UNHEALTHY_MEAL") | S10: =COUNTIFS(Raw_Events!$D:$D,$A10,Raw_Events!$G:$G,"WORKOUT") | T10: =IFERROR(VLOOKUP($A10,Raw_Weekly!$A:$G,5,FALSE),"") | U10: =COUNTIFS(Raw_Events!$D:$D,$A10,Raw_Events!$G:$G,"NEW_ACTIVITY") | V10: =SUMIFS(Raw_Events!$H:$H,Raw_Events!$D:$D,$A10,Raw_Events!$G:$G,"TRAVEL_NIGHT") | W10: =IF($E10=1,IF(AND($H10>=Settings!$C$39,$J10>=Settings!$C$40,$L10>=Settings!$C$41),1,0),"") | X10: =IF($A10="","",IF(COUNTIFS(Raw_Events!$D:$D,$A10,Raw_Events!$G:$G,"ORIGINATION_ACTION")>0,COUNTIFS(Raw_Events!$D:$D,$A10,Raw_Events!$G:$G,"ORIGINATION_ACTION"),COUNTIFS(Raw_Events!$D:$D,$A10,Raw_Events!$G:$G,"STAKEHOLDER_CHAT")+COUNTIFS(Raw_Events!$D:$D,$A10,Raw_Events!$G:$G,"MEMO_WRITTEN")+COUNTIFS(Raw_Events!$D:$D,$A10,Raw_Events!$G:$G,"INITIATIVE_PRESENTED_VP")+COUNTIFS(Raw_Events!$D:$D,$A10,Raw_Events!$G:$G,"INITIATIVE_IDEA"))) | Y10: =IF($X10="","",IF($X10>=1,1,0)) | Z10: =COUNTIFS(Raw_Events!$D:$D,$A10,Raw_Events!$G:$G,"WORKOUT_SKIPPED") | AA10: =COUNTIFS(Raw_Events!$D:$D,$A10,Raw_Events!$G:$G,"COMMUNITY_SESSION") | AB10: =COUNTIFS(Raw_Events!$D:$D,$A10,Raw_Events!$G:$G,"HOSTED_EVENT") | AC10: =SUMIFS(Raw_Events!$H:$H,Raw_Events!$D:$D,$A10,Raw_Events!$G:$G,"IDEA_STAR") | AD10: =IF($A10="","",IF(ROW()=3,"",IF(AND($H10<1,INDEX($H:$H,ROW()-1)<1),1,0))) | AE10: =IF($A10="","",IF(ROW()=3,"",IF(AND($I10<2,INDEX($I:$I,ROW()-1)<2),1,0))) | AF10: =IF($A10="","",IF(OR($E10=1,$AD10=1,$AE10=1),1,0)) | AG10: =IF($A10="","",IF(ROW()=3,"",IF(AND($B10>=Settings!$C$14,INDEX($B:$B,ROW()-1)>=Settings!$C$14),1,0))) | AH10: =IF($A10="","",IF(AND($L10>=Settings!$C$34,$AC10<1),1,0)) | AI10: =SUMIFS(Raw_Events!$H:$H,Raw_Events!$D:$D,$A10,Raw_Events!$G:$G,"DEEP_WORK_HOURS") | AJ10: =SUMIFS(Raw_Events!$H:$H,Raw_Events!$D:$D,$A10,Raw_Events!$G:$G,"EDUCATION_HOURS") | AK10: =SUMIFS(Raw_Events!$H:$H,Raw_Events!$D:$D,$A10,Raw_Events!$G:$G,"HOBBY_HOURS") | AL10: =SUMIFS(Raw_Events!$H:$H,Raw_Events!$D:$D,$A10,Raw_Events!$G:$G,"PARTNER_QUALITY_TIME") | AM10: =IFERROR(MAXIFS(Raw_Events!$H:$H,Raw_Events!$D:$D,$A10,Raw_Events!$G:$G,"INVESTMENT_COVERAGE"),"")
A11: 46083 | B11: =IFERROR(VLOOKUP($A11,Raw_Weekly!$A:$G,2,FALSE),"") | C11: =IFERROR(VLOOKUP($A11,Raw_Weekly!$A:$G,3,FALSE),"") | D11: =IFERROR(VLOOKUP($A11,Raw_Weekly!$A:$G,4,FALSE),0) | E11: =IF($B11="","",IF(OR($B11>=Settings!$C$14,IFERROR(VLOOKUP($A11,Raw_Weekly!$A:$H,8,FALSE),0)=1),1,0)) | F11: =IF($B11="","",IF($B11<=Settings!$C$13,1,0)) | G11: =IF($C11="","",IF($C11<=Settings!$C$12,1,0)) | H11: =COUNTIFS(Raw_Events!$D:$D,$A11,Raw_Events!$G:$G,"SOCIAL_MEET")+COUNTIFS(Raw_Events!$D:$D,$A11,Raw_Events!$G:$G,"COMMUNITY_SESSION")+COUNTIFS(Raw_Events!$D:$D,$A11,Raw_Events!$G:$G,"HOSTED_EVENT") | I11: =COUNTIFS(Raw_Events!$D:$D,$A11,Raw_Events!$G:$G,"DATE") | J11: =COUNTIFS(Raw_Events!$D:$D,$A11,Raw_Events!$G:$G,"TRAINING_MIN")+COUNTIFS(Raw_Events!$D:$D,$A11,Raw_Events!$G:$G,"DICTION_TRAINING_MIN") | K11: =SUMIFS(Raw_Events!$H:$H,Raw_Events!$D:$D,$A11,Raw_Events!$G:$G,"TRAINING_MIN")+SUMIFS(Raw_Events!$H:$H,Raw_Events!$D:$D,$A11,Raw_Events!$G:$G,"DICTION_TRAINING_MIN") | L11: =SUMIFS(Raw_Events!$H:$H,Raw_Events!$D:$D,$A11,Raw_Events!$G:$G,"IDEA") | M11: =SUMIFS(Raw_Events!$H:$H,Raw_Events!$D:$D,$A11,Raw_Events!$G:$G,"MINDFULNESS_MIN") | N11: =SUMIFS(Daily_Agg!$G:$G,Daily_Agg!$A:$A,">="&$A11,Daily_Agg!$A:$A,"<"&$A11+7) | O11: =SUMIFS(Daily_Agg!$E:$E,Daily_Agg!$A:$A,">="&$A11,Daily_Agg!$A:$A,"<"&$A11+7) | P11: =SUMIFS(Raw_Events!$L:$L,Raw_Events!$D:$D,$A11,Raw_Events!$G:$G,"ALCOHOL") | Q11: =SUMIFS(Raw_Events!$H:$H,Raw_Events!$D:$D,$A11,Raw_Events!$G:$G,"CIGARETTES") | R11: =SUMIFS(Raw_Events!$H:$H,Raw_Events!$D:$D,$A11,Raw_Events!$G:$G,"UNHEALTHY_MEAL") | S11: =COUNTIFS(Raw_Events!$D:$D,$A11,Raw_Events!$G:$G,"WORKOUT") | T11: =IFERROR(VLOOKUP($A11,Raw_Weekly!$A:$G,5,FALSE),"") | U11: =COUNTIFS(Raw_Events!$D:$D,$A11,Raw_Events!$G:$G,"NEW_ACTIVITY") | V11: =SUMIFS(Raw_Events!$H:$H,Raw_Events!$D:$D,$A11,Raw_Events!$G:$G,"TRAVEL_NIGHT") | W11: =IF($E11=1,IF(AND($H11>=Settings!$C$39,$J11>=Settings!$C$40,$L11>=Settings!$C$41),1,0),"") | X11: =IF($A11="","",IF(COUNTIFS(Raw_Events!$D:$D,$A11,Raw_Events!$G:$G,"ORIGINATION_ACTION")>0,COUNTIFS(Raw_Events!$D:$D,$A11,Raw_Events!$G:$G,"ORIGINATION_ACTION"),COUNTIFS(Raw_Events!$D:$D,$A11,Raw_Events!$G:$G,"STAKEHOLDER_CHAT")+COUNTIFS(Raw_Events!$D:$D,$A11,Raw_Events!$G:$G,"MEMO_WRITTEN")+COUNTIFS(Raw_Events!$D:$D,$A11,Raw_Events!$G:$G,"INITIATIVE_PRESENTED_VP")+COUNTIFS(Raw_Events!$D:$D,$A11,Raw_Events!$G:$G,"INITIATIVE_IDEA"))) | Y11: =IF($X11="","",IF($X11>=1,1,0)) | Z11: =COUNTIFS(Raw_Events!$D:$D,$A11,Raw_Events!$G:$G,"WORKOUT_SKIPPED") | AA11: =COUNTIFS(Raw_Events!$D:$D,$A11,Raw_Events!$G:$G,"COMMUNITY_SESSION") | AB11: =COUNTIFS(Raw_Events!$D:$D,$A11,Raw_Events!$G:$G,"HOSTED_EVENT") | AC11: =SUMIFS(Raw_Events!$H:$H,Raw_Events!$D:$D,$A11,Raw_Events!$G:$G,"IDEA_STAR") | AD11: =IF($A11="","",IF(ROW()=3,"",IF(AND($H11<1,INDEX($H:$H,ROW()-1)<1),1,0))) | AE11: =IF($A11="","",IF(ROW()=3,"",IF(AND($I11<2,INDEX($I:$I,ROW()-1)<2),1,0))) | AF11: =IF($A11="","",IF(OR($E11=1,$AD11=1,$AE11=1),1,0)) | AG11: =IF($A11="","",IF(ROW()=3,"",IF(AND($B11>=Settings!$C$14,INDEX($B:$B,ROW()-1)>=Settings!$C$14),1,0))) | AH11: =IF($A11="","",IF(AND($L11>=Settings!$C$34,$AC11<1),1,0)) | AI11: =SUMIFS(Raw_Events!$H:$H,Raw_Events!$D:$D,$A11,Raw_Events!$G:$G,"DEEP_WORK_HOURS") | AJ11: =SUMIFS(Raw_Events!$H:$H,Raw_Events!$D:$D,$A11,Raw_Events!$G:$G,"EDUCATION_HOURS") | AK11: =SUMIFS(Raw_Events!$H:$H,Raw_Events!$D:$D,$A11,Raw_Events!$G:$G,"HOBBY_HOURS") | AL11: =SUMIFS(Raw_Events!$H:$H,Raw_Events!$D:$D,$A11,Raw_Events!$G:$G,"PARTNER_QUALITY_TIME") | AM11: =IFERROR(MAXIFS(Raw_Events!$H:$H,Raw_Events!$D:$D,$A11,Raw_Events!$G:$G,"INVESTMENT_COVERAGE"),"")
A12: 46090 | B12: =IFERROR(VLOOKUP($A12,Raw_Weekly!$A:$G,2,FALSE),"") | C12: =IFERROR(VLOOKUP($A12,Raw_Weekly!$A:$G,3,FALSE),"") | D12: =IFERROR(VLOOKUP($A12,Raw_Weekly!$A:$G,4,FALSE),0) | E12: =IF($B12="","",IF(OR($B12>=Settings!$C$14,IFERROR(VLOOKUP($A12,Raw_Weekly!$A:$H,8,FALSE),0)=1),1,0)) | F12: =IF($B12="","",IF($B12<=Settings!$C$13,1,0)) | G12: =IF($C12="","",IF($C12<=Settings!$C$12,1,0)) | H12: =COUNTIFS(Raw_Events!$D:$D,$A12,Raw_Events!$G:$G,"SOCIAL_MEET")+COUNTIFS(Raw_Events!$D:$D,$A12,Raw_Events!$G:$G,"COMMUNITY_SESSION")+COUNTIFS(Raw_Events!$D:$D,$A12,Raw_Events!$G:$G,"HOSTED_EVENT") | I12: =COUNTIFS(Raw_Events!$D:$D,$A12,Raw_Events!$G:$G,"DATE") | J12: =COUNTIFS(Raw_Events!$D:$D,$A12,Raw_Events!$G:$G,"TRAINING_MIN")+COUNTIFS(Raw_Events!$D:$D,$A12,Raw_Events!$G:$G,"DICTION_TRAINING_MIN") | K12: =SUMIFS(Raw_Events!$H:$H,Raw_Events!$D:$D,$A12,Raw_Events!$G:$G,"TRAINING_MIN")+SUMIFS(Raw_Events!$H:$H,Raw_Events!$D:$D,$A12,Raw_Events!$G:$G,"DICTION_TRAINING_MIN") | L12: =SUMIFS(Raw_Events!$H:$H,Raw_Events!$D:$D,$A12,Raw_Events!$G:$G,"IDEA") | M12: =SUMIFS(Raw_Events!$H:$H,Raw_Events!$D:$D,$A12,Raw_Events!$G:$G,"MINDFULNESS_MIN") | N12: =SUMIFS(Daily_Agg!$G:$G,Daily_Agg!$A:$A,">="&$A12,Daily_Agg!$A:$A,"<"&$A12+7) | O12: =SUMIFS(Daily_Agg!$E:$E,Daily_Agg!$A:$A,">="&$A12,Daily_Agg!$A:$A,"<"&$A12+7) | P12: =SUMIFS(Raw_Events!$L:$L,Raw_Events!$D:$D,$A12,Raw_Events!$G:$G,"ALCOHOL") | Q12: =SUMIFS(Raw_Events!$H:$H,Raw_Events!$D:$D,$A12,Raw_Events!$G:$G,"CIGARETTES") | R12: =SUMIFS(Raw_Events!$H:$H,Raw_Events!$D:$D,$A12,Raw_Events!$G:$G,"UNHEALTHY_MEAL") | S12: =COUNTIFS(Raw_Events!$D:$D,$A12,Raw_Events!$G:$G,"WORKOUT") | T12: =IFERROR(VLOOKUP($A12,Raw_Weekly!$A:$G,5,FALSE),"") | U12: =COUNTIFS(Raw_Events!$D:$D,$A12,Raw_Events!$G:$G,"NEW_ACTIVITY") | V12: =SUMIFS(Raw_Events!$H:$H,Raw_Events!$D:$D,$A12,Raw_Events!$G:$G,"TRAVEL_NIGHT") | W12: =IF($E12=1,IF(AND($H12>=Settings!$C$39,$J12>=Settings!$C$40,$L12>=Settings!$C$41),1,0),"") | X12: =IF($A12="","",IF(COUNTIFS(Raw_Events!$D:$D,$A12,Raw_Events!$G:$G,"ORIGINATION_ACTION")>0,COUNTIFS(Raw_Events!$D:$D,$A12,Raw_Events!$G:$G,"ORIGINATION_ACTION"),COUNTIFS(Raw_Events!$D:$D,$A12,Raw_Events!$G:$G,"STAKEHOLDER_CHAT")+COUNTIFS(Raw_Events!$D:$D,$A12,Raw_Events!$G:$G,"MEMO_WRITTEN")+COUNTIFS(Raw_Events!$D:$D,$A12,Raw_Events!$G:$G,"INITIATIVE_PRESENTED_VP")+COUNTIFS(Raw_Events!$D:$D,$A12,Raw_Events!$G:$G,"INITIATIVE_IDEA"))) | Y12: =IF($X12="","",IF($X12>=1,1,0)) | Z12: =COUNTIFS(Raw_Events!$D:$D,$A12,Raw_Events!$G:$G,"WORKOUT_SKIPPED") | AA12: =COUNTIFS(Raw_Events!$D:$D,$A12,Raw_Events!$G:$G,"COMMUNITY_SESSION") | AB12: =COUNTIFS(Raw_Events!$D:$D,$A12,Raw_Events!$G:$G,"HOSTED_EVENT") | AC12: =SUMIFS(Raw_Events!$H:$H,Raw_Events!$D:$D,$A12,Raw_Events!$G:$G,"IDEA_STAR") | AD12: =IF($A12="","",IF(ROW()=3,"",IF(AND($H12<1,INDEX($H:$H,ROW()-1)<1),1,0))) | AE12: =IF($A12="","",IF(ROW()=3,"",IF(AND($I12<2,INDEX($I:$I,ROW()-1)<2),1,0))) | AF12: =IF($A12="","",IF(OR($E12=1,$AD12=1,$AE12=1),1,0)) | AG12: =IF($A12="","",IF(ROW()=3,"",IF(AND($B12>=Settings!$C$14,INDEX($B:$B,ROW()-1)>=Settings!$C$14),1,0))) | AH12: =IF($A12="","",IF(AND($L12>=Settings!$C$34,$AC12<1),1,0)) | AI12: =SUMIFS(Raw_Events!$H:$H,Raw_Events!$D:$D,$A12,Raw_Events!$G:$G,"DEEP_WORK_HOURS") | AJ12: =SUMIFS(Raw_Events!$H:$H,Raw_Events!$D:$D,$A12,Raw_Events!$G:$G,"EDUCATION_HOURS") | AK12: =SUMIFS(Raw_Events!$H:$H,Raw_Events!$D:$D,$A12,Raw_Events!$G:$G,"HOBBY_HOURS") | AL12: =SUMIFS(Raw_Events!$H:$H,Raw_Events!$D:$D,$A12,Raw_Events!$G:$G,"PARTNER_QUALITY_TIME") | AM12: =IFERROR(MAXIFS(Raw_Events!$H:$H,Raw_Events!$D:$D,$A12,Raw_Events!$G:$G,"INVESTMENT_COVERAGE"),"")
A13: 46097 | B13: =IFERROR(VLOOKUP($A13,Raw_Weekly!$A:$G,2,FALSE),"") | C13: =IFERROR(VLOOKUP($A13,Raw_Weekly!$A:$G,3,FALSE),"") | D13: =IFERROR(VLOOKUP($A13,Raw_Weekly!$A:$G,4,FALSE),0) | E13: =IF($B13="","",IF(OR($B13>=Settings!$C$14,IFERROR(VLOOKUP($A13,Raw_Weekly!$A:$H,8,FALSE),0)=1),1,0)) | F13: =IF($B13="","",IF($B13<=Settings!$C$13,1,0)) | G13: =IF($C13="","",IF($C13<=Settings!$C$12,1,0)) | H13: =COUNTIFS(Raw_Events!$D:$D,$A13,Raw_Events!$G:$G,"SOCIAL_MEET")+COUNTIFS(Raw_Events!$D:$D,$A13,Raw_Events!$G:$G,"COMMUNITY_SESSION")+COUNTIFS(Raw_Events!$D:$D,$A13,Raw_Events!$G:$G,"HOSTED_EVENT") | I13: =COUNTIFS(Raw_Events!$D:$D,$A13,Raw_Events!$G:$G,"DATE") | J13: =COUNTIFS(Raw_Events!$D:$D,$A13,Raw_Events!$G:$G,"TRAINING_MIN")+COUNTIFS(Raw_Events!$D:$D,$A13,Raw_Events!$G:$G,"DICTION_TRAINING_MIN") | K13: =SUMIFS(Raw_Events!$H:$H,Raw_Events!$D:$D,$A13,Raw_Events!$G:$G,"TRAINING_MIN")+SUMIFS(Raw_Events!$H:$H,Raw_Events!$D:$D,$A13,Raw_Events!$G:$G,"DICTION_TRAINING_MIN") | L13: =SUMIFS(Raw_Events!$H:$H,Raw_Events!$D:$D,$A13,Raw_Events!$G:$G,"IDEA") | M13: =SUMIFS(Raw_Events!$H:$H,Raw_Events!$D:$D,$A13,Raw_Events!$G:$G,"MINDFULNESS_MIN") | N13: =SUMIFS(Daily_Agg!$G:$G,Daily_Agg!$A:$A,">="&$A13,Daily_Agg!$A:$A,"<"&$A13+7) | O13: =SUMIFS(Daily_Agg!$E:$E,Daily_Agg!$A:$A,">="&$A13,Daily_Agg!$A:$A,"<"&$A13+7) | P13: =SUMIFS(Raw_Events!$L:$L,Raw_Events!$D:$D,$A13,Raw_Events!$G:$G,"ALCOHOL") | Q13: =SUMIFS(Raw_Events!$H:$H,Raw_Events!$D:$D,$A13,Raw_Events!$G:$G,"CIGARETTES") | R13: =SUMIFS(Raw_Events!$H:$H,Raw_Events!$D:$D,$A13,Raw_Events!$G:$G,"UNHEALTHY_MEAL") | S13: =COUNTIFS(Raw_Events!$D:$D,$A13,Raw_Events!$G:$G,"WORKOUT") | T13: =IFERROR(VLOOKUP($A13,Raw_Weekly!$A:$G,5,FALSE),"") | U13: =COUNTIFS(Raw_Events!$D:$D,$A13,Raw_Events!$G:$G,"NEW_ACTIVITY") | V13: =SUMIFS(Raw_Events!$H:$H,Raw_Events!$D:$D,$A13,Raw_Events!$G:$G,"TRAVEL_NIGHT") | W13: =IF($E13=1,IF(AND($H13>=Settings!$C$39,$J13>=Settings!$C$40,$L13>=Settings!$C$41),1,0),"") | X13: =IF($A13="","",IF(COUNTIFS(Raw_Events!$D:$D,$A13,Raw_Events!$G:$G,"ORIGINATION_ACTION")>0,COUNTIFS(Raw_Events!$D:$D,$A13,Raw_Events!$G:$G,"ORIGINATION_ACTION"),COUNTIFS(Raw_Events!$D:$D,$A13,Raw_Events!$G:$G,"STAKEHOLDER_CHAT")+COUNTIFS(Raw_Events!$D:$D,$A13,Raw_Events!$G:$G,"MEMO_WRITTEN")+COUNTIFS(Raw_Events!$D:$D,$A13,Raw_Events!$G:$G,"INITIATIVE_PRESENTED_VP")+COUNTIFS(Raw_Events!$D:$D,$A13,Raw_Events!$G:$G,"INITIATIVE_IDEA"))) | Y13: =IF($X13="","",IF($X13>=1,1,0)) | Z13: =COUNTIFS(Raw_Events!$D:$D,$A13,Raw_Events!$G:$G,"WORKOUT_SKIPPED") | AA13: =COUNTIFS(Raw_Events!$D:$D,$A13,Raw_Events!$G:$G,"COMMUNITY_SESSION") | AB13: =COUNTIFS(Raw_Events!$D:$D,$A13,Raw_Events!$G:$G,"HOSTED_EVENT") | AC13: =SUMIFS(Raw_Events!$H:$H,Raw_Events!$D:$D,$A13,Raw_Events!$G:$G,"IDEA_STAR") | AD13: =IF($A13="","",IF(ROW()=3,"",IF(AND($H13<1,INDEX($H:$H,ROW()-1)<1),1,0))) | AE13: =IF($A13="","",IF(ROW()=3,"",IF(AND($I13<2,INDEX($I:$I,ROW()-1)<2),1,0))) | AF13: =IF($A13="","",IF(OR($E13=1,$AD13=1,$AE13=1),1,0)) | AG13: =IF($A13="","",IF(ROW()=3,"",IF(AND($B13>=Settings!$C$14,INDEX($B:$B,ROW()-1)>=Settings!$C$14),1,0))) | AH13: =IF($A13="","",IF(AND($L13>=Settings!$C$34,$AC13<1),1,0)) | AI13: =SUMIFS(Raw_Events!$H:$H,Raw_Events!$D:$D,$A13,Raw_Events!$G:$G,"DEEP_WORK_HOURS") | AJ13: =SUMIFS(Raw_Events!$H:$H,Raw_Events!$D:$D,$A13,Raw_Events!$G:$G,"EDUCATION_HOURS") | AK13: =SUMIFS(Raw_Events!$H:$H,Raw_Events!$D:$D,$A13,Raw_Events!$G:$G,"HOBBY_HOURS") | AL13: =SUMIFS(Raw_Events!$H:$H,Raw_Events!$D:$D,$A13,Raw_Events!$G:$G,"PARTNER_QUALITY_TIME") | AM13: =IFERROR(MAXIFS(Raw_Events!$H:$H,Raw_Events!$D:$D,$A13,Raw_Events!$G:$G,"INVESTMENT_COVERAGE"),"")
A14: 46104 | B14: =IFERROR(VLOOKUP($A14,Raw_Weekly!$A:$G,2,FALSE),"") | C14: =IFERROR(VLOOKUP($A14,Raw_Weekly!$A:$G,3,FALSE),"") | D14: =IFERROR(VLOOKUP($A14,Raw_Weekly!$A:$G,4,FALSE),0) | E14: =IF($B14="","",IF(OR($B14>=Settings!$C$14,IFERROR(VLOOKUP($A14,Raw_Weekly!$A:$H,8,FALSE),0)=1),1,0)) | F14: =IF($B14="","",IF($B14<=Settings!$C$13,1,0)) | G14: =IF($C14="","",IF($C14<=Settings!$C$12,1,0)) | H14: =COUNTIFS(Raw_Events!$D:$D,$A14,Raw_Events!$G:$G,"SOCIAL_MEET")+COUNTIFS(Raw_Events!$D:$D,$A14,Raw_Events!$G:$G,"COMMUNITY_SESSION")+COUNTIFS(Raw_Events!$D:$D,$A14,Raw_Events!$G:$G,"HOSTED_EVENT") | I14: =COUNTIFS(Raw_Events!$D:$D,$A14,Raw_Events!$G:$G,"DATE") | J14: =COUNTIFS(Raw_Events!$D:$D,$A14,Raw_Events!$G:$G,"TRAINING_MIN")+COUNTIFS(Raw_Events!$D:$D,$A14,Raw_Events!$G:$G,"DICTION_TRAINING_MIN") | K14: =SUMIFS(Raw_Events!$H:$H,Raw_Events!$D:$D,$A14,Raw_Events!$G:$G,"TRAINING_MIN")+SUMIFS(Raw_Events!$H:$H,Raw_Events!$D:$D,$A14,Raw_Events!$G:$G,"DICTION_TRAINING_MIN") | L14: =SUMIFS(Raw_Events!$H:$H,Raw_Events!$D:$D,$A14,Raw_Events!$G:$G,"IDEA") | M14: =SUMIFS(Raw_Events!$H:$H,Raw_Events!$D:$D,$A14,Raw_Events!$G:$G,"MINDFULNESS_MIN") | N14: =SUMIFS(Daily_Agg!$G:$G,Daily_Agg!$A:$A,">="&$A14,Daily_Agg!$A:$A,"<"&$A14+7) | O14: =SUMIFS(Daily_Agg!$E:$E,Daily_Agg!$A:$A,">="&$A14,Daily_Agg!$A:$A,"<"&$A14+7) | P14: =SUMIFS(Raw_Events!$L:$L,Raw_Events!$D:$D,$A14,Raw_Events!$G:$G,"ALCOHOL") | Q14: =SUMIFS(Raw_Events!$H:$H,Raw_Events!$D:$D,$A14,Raw_Events!$G:$G,"CIGARETTES") | R14: =SUMIFS(Raw_Events!$H:$H,Raw_Events!$D:$D,$A14,Raw_Events!$G:$G,"UNHEALTHY_MEAL") | S14: =COUNTIFS(Raw_Events!$D:$D,$A14,Raw_Events!$G:$G,"WORKOUT") | T14: =IFERROR(VLOOKUP($A14,Raw_Weekly!$A:$G,5,FALSE),"") | U14: =COUNTIFS(Raw_Events!$D:$D,$A14,Raw_Events!$G:$G,"NEW_ACTIVITY") | V14: =SUMIFS(Raw_Events!$H:$H,Raw_Events!$D:$D,$A14,Raw_Events!$G:$G,"TRAVEL_NIGHT") | W14: =IF($E14=1,IF(AND($H14>=Settings!$C$39,$J14>=Settings!$C$40,$L14>=Settings!$C$41),1,0),"") | X14: =IF($A14="","",IF(COUNTIFS(Raw_Events!$D:$D,$A14,Raw_Events!$G:$G,"ORIGINATION_ACTION")>0,COUNTIFS(Raw_Events!$D:$D,$A14,Raw_Events!$G:$G,"ORIGINATION_ACTION"),COUNTIFS(Raw_Events!$D:$D,$A14,Raw_Events!$G:$G,"STAKEHOLDER_CHAT")+COUNTIFS(Raw_Events!$D:$D,$A14,Raw_Events!$G:$G,"MEMO_WRITTEN")+COUNTIFS(Raw_Events!$D:$D,$A14,Raw_Events!$G:$G,"INITIATIVE_PRESENTED_VP")+COUNTIFS(Raw_Events!$D:$D,$A14,Raw_Events!$G:$G,"INITIATIVE_IDEA"))) | Y14: =IF($X14="","",IF($X14>=1,1,0)) | Z14: =COUNTIFS(Raw_Events!$D:$D,$A14,Raw_Events!$G:$G,"WORKOUT_SKIPPED") | AA14: =COUNTIFS(Raw_Events!$D:$D,$A14,Raw_Events!$G:$G,"COMMUNITY_SESSION") | AB14: =COUNTIFS(Raw_Events!$D:$D,$A14,Raw_Events!$G:$G,"HOSTED_EVENT") | AC14: =SUMIFS(Raw_Events!$H:$H,Raw_Events!$D:$D,$A14,Raw_Events!$G:$G,"IDEA_STAR") | AD14: =IF($A14="","",IF(ROW()=3,"",IF(AND($H14<1,INDEX($H:$H,ROW()-1)<1),1,0))) | AE14: =IF($A14="","",IF(ROW()=3,"",IF(AND($I14<2,INDEX($I:$I,ROW()-1)<2),1,0))) | AF14: =IF($A14="","",IF(OR($E14=1,$AD14=1,$AE14=1),1,0)) | AG14: =IF($A14="","",IF(ROW()=3,"",IF(AND($B14>=Settings!$C$14,INDEX($B:$B,ROW()-1)>=Settings!$C$14),1,0))) | AH14: =IF($A14="","",IF(AND($L14>=Settings!$C$34,$AC14<1),1,0)) | AI14: =SUMIFS(Raw_Events!$H:$H,Raw_Events!$D:$D,$A14,Raw_Events!$G:$G,"DEEP_WORK_HOURS") | AJ14: =SUMIFS(Raw_Events!$H:$H,Raw_Events!$D:$D,$A14,Raw_Events!$G:$G,"EDUCATION_HOURS") | AK14: =SUMIFS(Raw_Events!$H:$H,Raw_Events!$D:$D,$A14,Raw_Events!$G:$G,"HOBBY_HOURS") | AL14: =SUMIFS(Raw_Events!$H:$H,Raw_Events!$D:$D,$A14,Raw_Events!$G:$G,"PARTNER_QUALITY_TIME") | AM14: =IFERROR(MAXIFS(Raw_Events!$H:$H,Raw_Events!$D:$D,$A14,Raw_Events!$G:$G,"INVESTMENT_COVERAGE"),"")
... A54: 46384 | B54: =IFERROR(VLOOKUP($A54,Raw_Weekly!$A:$G,2,FALSE),"") | C54: =IFERROR(VLOOKUP($A54,Raw_Weekly!$A:$G,3,FALSE),"") | D54: =IFERROR(VLOOKUP($A54,Raw_Weekly!$A:$G,4,FALSE),0) | E54: =IF($B54="","",IF(OR($B54>=Settings!$C$14,IFERROR(VLOOKUP($A54,Raw_Weekly!$A:$H,8,FALSE),0)=1),1,0)) | F54: =IF($B54="","",IF($B54<=Settings!$C$13,1,0)) | G54: =IF($C54="","",IF($C54<=Settings!$C$12,1,0)) | H54: =COUNTIFS(Raw_Events!$D:$D,$A54,Raw_Events!$G:$G,"SOCIAL_MEET")+COUNTIFS(Raw_Events!$D:$D,$A54,Raw_Events!$G:$G,"COMMUNITY_SESSION")+COUNTIFS(Raw_Events!$D:$D,$A54,Raw_Events!$G:$G,"HOSTED_EVENT") | I54: =COUNTIFS(Raw_Events!$D:$D,$A54,Raw_Events!$G:$G,"DATE") | J54: =COUNTIFS(Raw_Events!$D:$D,$A54,Raw_Events!$G:$G,"TRAINING_MIN")+COUNTIFS(Raw_Events!$D:$D,$A54,Raw_Events!$G:$G,"DICTION_TRAINING_MIN") | K54: =SUMIFS(Raw_Events!$H:$H,Raw_Events!$D:$D,$A54,Raw_Events!$G:$G,"TRAINING_MIN")+SUMIFS(Raw_Events!$H:$H,Raw_Events!$D:$D,$A54,Raw_Events!$G:$G,"DICTION_TRAINING_MIN") | L54: =SUMIFS(Raw_Events!$H:$H,Raw_Events!$D:$D,$A54,Raw_Events!$G:$G,"IDEA") | M54: =SUMIFS(Raw_Events!$H:$H,Raw_Events!$D:$D,$A54,Raw_Events!$G:$G,"MINDFULNESS_MIN") | N54: =SUMIFS(Daily_Agg!$G:$G,Daily_Agg!$A:$A,">="&$A54,Daily_Agg!$A:$A,"<"&$A54+7) | O54: =SUMIFS(Daily_Agg!$E:$E,Daily_Agg!$A:$A,">="&$A54,Daily_Agg!$A:$A,"<"&$A54+7) | P54: =SUMIFS(Raw_Events!$L:$L,Raw_Events!$D:$D,$A54,Raw_Events!$G:$G,"ALCOHOL") | Q54: =SUMIFS(Raw_Events!$H:$H,Raw_Events!$D:$D,$A54,Raw_Events!$G:$G,"CIGARETTES") | R54: =SUMIFS(Raw_Events!$H:$H,Raw_Events!$D:$D,$A54,Raw_Events!$G:$G,"UNHEALTHY_MEAL") | S54: =COUNTIFS(Raw_Events!$D:$D,$A54,Raw_Events!$G:$G,"WORKOUT") | T54: =IFERROR(VLOOKUP($A54,Raw_Weekly!$A:$G,5,FALSE),"") | U54: =COUNTIFS(Raw_Events!$D:$D,$A54,Raw_Events!$G:$G,"NEW_ACTIVITY") | V54: =SUMIFS(Raw_Events!$H:$H,Raw_Events!$D:$D,$A54,Raw_Events!$G:$G,"TRAVEL_NIGHT") | W54: =IF($E54=1,IF(AND($H54>=Settings!$C$39,$J54>=Settings!$C$40,$L54>=Settings!$C$41),1,0),"") | X54: =IF($A54="","",IF(COUNTIFS(Raw_Events!$D:$D,$A54,Raw_Events!$G:$G,"ORIGINATION_ACTION")>0,COUNTIFS(Raw_Events!$D:$D,$A54,Raw_Events!$G:$G,"ORIGINATION_ACTION"),COUNTIFS(Raw_Events!$D:$D,$A54,Raw_Events!$G:$G,"STAKEHOLDER_CHAT")+COUNTIFS(Raw_Events!$D:$D,$A54,Raw_Events!$G:$G,"MEMO_WRITTEN")+COUNTIFS(Raw_Events!$D:$D,$A54,Raw_Events!$G:$G,"INITIATIVE_PRESENTED_VP")+COUNTIFS(Raw_Events!$D:$D,$A54,Raw_Events!$G:$G,"INITIATIVE_IDEA"))) | Y54: =IF($X54="","",IF($X54>=1,1,0)) | Z54: =COUNTIFS(Raw_Events!$D:$D,$A54,Raw_Events!$G:$G,"WORKOUT_SKIPPED") | AA54: =COUNTIFS(Raw_Events!$D:$D,$A54,Raw_Events!$G:$G,"COMMUNITY_SESSION") | AB54: =COUNTIFS(Raw_Events!$D:$D,$A54,Raw_Events!$G:$G,"HOSTED_EVENT") | AC54: =SUMIFS(Raw_Events!$H:$H,Raw_Events!$D:$D,$A54,Raw_Events!$G:$G,"IDEA_STAR") | AD54: =IF($A54="","",IF(ROW()=3,"",IF(AND($H54<1,INDEX($H:$H,ROW()-1)<1),1,0))) | AE54: =IF($A54="","",IF(ROW()=3,"",IF(AND($I54<2,INDEX($I:$I,ROW()-1)<2),1,0))) | AF54: =IF($A54="","",IF(OR($E54=1,$AD54=1,$AE54=1),1,0)) | AG54: =IF($A54="","",IF(ROW()=3,"",IF(AND($B54>=Settings!$C$14,INDEX($B:$B,ROW()-1)>=Settings!$C$14),1,0))) | AH54: =IF($A54="","",IF(AND($L54>=Settings!$C$34,$AC54<1),1,0)) | AI54: =SUMIFS(Raw_Events!$H:$H,Raw_Events!$D:$D,$A54,Raw_Events!$G:$G,"DEEP_WORK_HOURS") | AJ54: =SUMIFS(Raw_Events!$H:$H,Raw_Events!$D:$D,$A54,Raw_Events!$G:$G,"EDUCATION_HOURS") | AK54: =SUMIFS(Raw_Events!$H:$H,Raw_Events!$D:$D,$A54,Raw_Events!$G:$G,"HOBBY_HOURS") | AL54: =SUMIFS(Raw_Events!$H:$H,Raw_Events!$D:$D,$A54,Raw_Events!$G:$G,"PARTNER_QUALITY_TIME") | AM54: =IFERROR(MAXIFS(Raw_Events!$H:$H,Raw_Events!$D:$D,$A54,Raw_Events!$G:$G,"INVESTMENT_COVERAGE"),"")

Sheet Monthly_Agg
A1: Monthly rollup (computed from Weekly_Agg; app may also fill BooksFinished if desired)
A2: MonthStart | B2: ExpensesPersonal | C2: WorkHours | D2: BooksFinished | E2: Training_hours | F2: Ideas | G2: NewActivities | H2: TravelNights | I2: Dates | J2: SocialEvents | K2: Alcohol_std | L2: Cigarettes | M2: Unhealthy_meals | N2: Mindfulness_min | O2: NewSocialPeople | P2: SocialConverted2plus | Q2: Trigger_NewContactsLow2nd | R2: OriginationActions | S2: Trigger_NoOrigination | T2: NewRomancePeople | U2: RomanceConverted2plus | V2: Trigger_DatesNo2nd | W2: DeepWork_hours | X2: Education_hours | Y2: Hobby_hours | Z2: PartnerQualityTime | AA2: InvestmentCoverage_pct | AB2: ActivitiesCancelled | AC2: Trigger_CancelledActivities
A3: 46023 | B3: =SUMIFS(Weekly_Agg!$C:$C,Weekly_Agg!$A:$A,">="&$A3,Weekly_Agg!$A:$A,"<"&DATE(YEAR($A3),MONTH($A3)+1,1)) | C3: =SUMIFS(Weekly_Agg!$B:$B,Weekly_Agg!$A:$A,">="&$A3,Weekly_Agg!$A:$A,"<"&DATE(YEAR($A3),MONTH($A3)+1,1)) | D3: =COUNTIFS(Raw_Events!$G$3:$G$20000,"BOOK_FINISHED",Raw_Events!$E$3:$E$20000,$A3) | E3: =SUMIFS(Weekly_Agg!$K:$K,Weekly_Agg!$A:$A,">="&$A3,Weekly_Agg!$A:$A,"<"&DATE(YEAR($A3),MONTH($A3)+1,1))/60 | F3: =SUMIFS(Weekly_Agg!$L:$L,Weekly_Agg!$A:$A,">="&$A3,Weekly_Agg!$A:$A,"<"&DATE(YEAR($A3),MONTH($A3)+1,1)) | G3: =SUMIFS(Weekly_Agg!$U:$U,Weekly_Agg!$A:$A,">="&$A3,Weekly_Agg!$A:$A,"<"&DATE(YEAR($A3),MONTH($A3)+1,1)) | H3: =SUMIFS(Weekly_Agg!$V:$V,Weekly_Agg!$A:$A,">="&$A3,Weekly_Agg!$A:$A,"<"&DATE(YEAR($A3),MONTH($A3)+1,1)) | I3: =SUMIFS(Weekly_Agg!$I:$I,Weekly_Agg!$A:$A,">="&$A3,Weekly_Agg!$A:$A,"<"&DATE(YEAR($A3),MONTH($A3)+1,1)) | J3: =SUMIFS(Weekly_Agg!$H:$H,Weekly_Agg!$A:$A,">="&$A3,Weekly_Agg!$A:$A,"<"&DATE(YEAR($A3),MONTH($A3)+1,1)) | K3: =SUMIFS(Weekly_Agg!$P:$P,Weekly_Agg!$A:$A,">="&$A3,Weekly_Agg!$A:$A,"<"&DATE(YEAR($A3),MONTH($A3)+1,1)) | L3: =SUMIFS(Weekly_Agg!$Q:$Q,Weekly_Agg!$A:$A,">="&$A3,Weekly_Agg!$A:$A,"<"&DATE(YEAR($A3),MONTH($A3)+1,1)) | M3: =SUMIFS(Weekly_Agg!$R:$R,Weekly_Agg!$A:$A,">="&$A3,Weekly_Agg!$A:$A,"<"&DATE(YEAR($A3),MONTH($A3)+1,1)) | N3: =SUMIFS(Weekly_Agg!$M:$M,Weekly_Agg!$A:$A,">="&$A3,Weekly_Agg!$A:$A,"<"&DATE(YEAR($A3),MONTH($A3)+1,1)) | O3: =COUNTIFS(People!$C$3:$C$500,"Social",People!$D$3:$D$500,">="&$A3,People!$D$3:$D$500,"<"&DATE(YEAR($A3),MONTH($A3)+1,1)) | P3: =SUMPRODUCT(--(People!$C$3:$C$500="Social"),--(People!$D$3:$D$500>=$A3),--(People!$D$3:$D$500<DATE(YEAR($A3),MONTH($A3)+1,1)),--(People!$F$3:$F$500>=2)) | Q3: =IF(AND($O3>=10,$P3<2),1,0) | R3: =SUMIFS(Weekly_Agg!$X:$X,Weekly_Agg!$A:$A,">="&$A3,Weekly_Agg!$A:$A,"<"&DATE(YEAR($A3),MONTH($A3)+1,1)) | S3: =IF($R3=0,1,0) | T3: =COUNTIFS(People!$C$3:$C$500,"Romance",People!$D$3:$D$500,">="&$A3,People!$D$3:$D$500,"<"&DATE(YEAR($A3),MONTH($A3)+1,1)) | U3: =SUMPRODUCT(--(People!$C$3:$C$500="Romance"),--(People!$D$3:$D$500>=$A3),--(People!$D$3:$D$500<DATE(YEAR($A3),MONTH($A3)+1,1)),--(People!$G$3:$G$500>=2)) | V3: =IF(AND($A3>=DATE(2026,6,1),$I3>8,$U3=0),1,0) | W3: =SUMIFS(Raw_Events!$H:$H,Raw_Events!$E:$E,$A3,Raw_Events!$G:$G,"DEEP_WORK_HOURS") | X3: =SUMIFS(Raw_Events!$H:$H,Raw_Events!$E:$E,$A3,Raw_Events!$G:$G,"EDUCATION_HOURS") | Y3: =SUMIFS(Raw_Events!$H:$H,Raw_Events!$E:$E,$A3,Raw_Events!$G:$G,"HOBBY_HOURS") | Z3: =SUMIFS(Raw_Events!$H:$H,Raw_Events!$E:$E,$A3,Raw_Events!$G:$G,"PARTNER_QUALITY_TIME") | AA3: =IFERROR(MAXIFS(Raw_Events!$H:$H,Raw_Events!$E:$E,$A3,Raw_Events!$G:$G,"INVESTMENT_COVERAGE"),"") | AB3: =COUNTIFS(Raw_Events!$G:$G,"ACTIVITY_CANCELLED",Raw_Events!$E:$E,$A3) | AC3: =IF($AB3>=2,1,0)
A4: 46054 | B4: =SUMIFS(Weekly_Agg!$C:$C,Weekly_Agg!$A:$A,">="&$A4,Weekly_Agg!$A:$A,"<"&DATE(YEAR($A4),MONTH($A4)+1,1)) | C4: =SUMIFS(Weekly_Agg!$B:$B,Weekly_Agg!$A:$A,">="&$A4,Weekly_Agg!$A:$A,"<"&DATE(YEAR($A4),MONTH($A4)+1,1)) | D4: =COUNTIFS(Raw_Events!$G$3:$G$20000,"BOOK_FINISHED",Raw_Events!$E$3:$E$20000,$A4) | E4: =SUMIFS(Weekly_Agg!$K:$K,Weekly_Agg!$A:$A,">="&$A4,Weekly_Agg!$A:$A,"<"&DATE(YEAR($A4),MONTH($A4)+1,1))/60 | F4: =SUMIFS(Weekly_Agg!$L:$L,Weekly_Agg!$A:$A,">="&$A4,Weekly_Agg!$A:$A,"<"&DATE(YEAR($A4),MONTH($A4)+1,1)) | G4: =SUMIFS(Weekly_Agg!$U:$U,Weekly_Agg!$A:$A,">="&$A4,Weekly_Agg!$A:$A,"<"&DATE(YEAR($A4),MONTH($A4)+1,1)) | H4: =SUMIFS(Weekly_Agg!$V:$V,Weekly_Agg!$A:$A,">="&$A4,Weekly_Agg!$A:$A,"<"&DATE(YEAR($A4),MONTH($A4)+1,1)) | I4: =SUMIFS(Weekly_Agg!$I:$I,Weekly_Agg!$A:$A,">="&$A4,Weekly_Agg!$A:$A,"<"&DATE(YEAR($A4),MONTH($A4)+1,1)) | J4: =SUMIFS(Weekly_Agg!$H:$H,Weekly_Agg!$A:$A,">="&$A4,Weekly_Agg!$A:$A,"<"&DATE(YEAR($A4),MONTH($A4)+1,1)) | K4: =SUMIFS(Weekly_Agg!$P:$P,Weekly_Agg!$A:$A,">="&$A4,Weekly_Agg!$A:$A,"<"&DATE(YEAR($A4),MONTH($A4)+1,1)) | L4: =SUMIFS(Weekly_Agg!$Q:$Q,Weekly_Agg!$A:$A,">="&$A4,Weekly_Agg!$A:$A,"<"&DATE(YEAR($A4),MONTH($A4)+1,1)) | M4: =SUMIFS(Weekly_Agg!$R:$R,Weekly_Agg!$A:$A,">="&$A4,Weekly_Agg!$A:$A,"<"&DATE(YEAR($A4),MONTH($A4)+1,1)) | N4: =SUMIFS(Weekly_Agg!$M:$M,Weekly_Agg!$A:$A,">="&$A4,Weekly_Agg!$A:$A,"<"&DATE(YEAR($A4),MONTH($A4)+1,1)) | O4: =COUNTIFS(People!$C$3:$C$500,"Social",People!$D$3:$D$500,">="&$A4,People!$D$3:$D$500,"<"&DATE(YEAR($A4),MONTH($A4)+1,1)) | P4: =SUMPRODUCT(--(People!$C$3:$C$500="Social"),--(People!$D$3:$D$500>=$A4),--(People!$D$3:$D$500<DATE(YEAR($A4),MONTH($A4)+1,1)),--(People!$F$3:$F$500>=2)) | Q4: =IF(AND($O4>=10,$P4<2),1,0) | R4: =SUMIFS(Weekly_Agg!$X:$X,Weekly_Agg!$A:$A,">="&$A4,Weekly_Agg!$A:$A,"<"&DATE(YEAR($A4),MONTH($A4)+1,1)) | S4: =IF($R4=0,1,0) | T4: =COUNTIFS(People!$C$3:$C$500,"Romance",People!$D$3:$D$500,">="&$A4,People!$D$3:$D$500,"<"&DATE(YEAR($A4),MONTH($A4)+1,1)) | U4: =SUMPRODUCT(--(People!$C$3:$C$500="Romance"),--(People!$D$3:$D$500>=$A4),--(People!$D$3:$D$500<DATE(YEAR($A4),MONTH($A4)+1,1)),--(People!$G$3:$G$500>=2)) | V4: =IF(AND($A4>=DATE(2026,6,1),$I4>8,$U4=0),1,0) | W4: =SUMIFS(Raw_Events!$H:$H,Raw_Events!$E:$E,$A4,Raw_Events!$G:$G,"DEEP_WORK_HOURS") | X4: =SUMIFS(Raw_Events!$H:$H,Raw_Events!$E:$E,$A4,Raw_Events!$G:$G,"EDUCATION_HOURS") | Y4: =SUMIFS(Raw_Events!$H:$H,Raw_Events!$E:$E,$A4,Raw_Events!$G:$G,"HOBBY_HOURS") | Z4: =SUMIFS(Raw_Events!$H:$H,Raw_Events!$E:$E,$A4,Raw_Events!$G:$G,"PARTNER_QUALITY_TIME") | AA4: =IFERROR(MAXIFS(Raw_Events!$H:$H,Raw_Events!$E:$E,$A4,Raw_Events!$G:$G,"INVESTMENT_COVERAGE"),"") | AB4: =COUNTIFS(Raw_Events!$G:$G,"ACTIVITY_CANCELLED",Raw_Events!$E:$E,$A4) | AC4: =IF($AB4>=2,1,0)
A5: 46082 | B5: =SUMIFS(Weekly_Agg!$C:$C,Weekly_Agg!$A:$A,">="&$A5,Weekly_Agg!$A:$A,"<"&DATE(YEAR($A5),MONTH($A5)+1,1)) | C5: =SUMIFS(Weekly_Agg!$B:$B,Weekly_Agg!$A:$A,">="&$A5,Weekly_Agg!$A:$A,"<"&DATE(YEAR($A5),MONTH($A5)+1,1)) | D5: =COUNTIFS(Raw_Events!$G$3:$G$20000,"BOOK_FINISHED",Raw_Events!$E$3:$E$20000,$A5) | E5: =SUMIFS(Weekly_Agg!$K:$K,Weekly_Agg!$A:$A,">="&$A5,Weekly_Agg!$A:$A,"<"&DATE(YEAR($A5),MONTH($A5)+1,1))/60 | F5: =SUMIFS(Weekly_Agg!$L:$L,Weekly_Agg!$A:$A,">="&$A5,Weekly_Agg!$A:$A,"<"&DATE(YEAR($A5),MONTH($A5)+1,1)) | G5: =SUMIFS(Weekly_Agg!$U:$U,Weekly_Agg!$A:$A,">="&$A5,Weekly_Agg!$A:$A,"<"&DATE(YEAR($A5),MONTH($A5)+1,1)) | H5: =SUMIFS(Weekly_Agg!$V:$V,Weekly_Agg!$A:$A,">="&$A5,Weekly_Agg!$A:$A,"<"&DATE(YEAR($A5),MONTH($A5)+1,1)) | I5: =SUMIFS(Weekly_Agg!$I:$I,Weekly_Agg!$A:$A,">="&$A5,Weekly_Agg!$A:$A,"<"&DATE(YEAR($A5),MONTH($A5)+1,1)) | J5: =SUMIFS(Weekly_Agg!$H:$H,Weekly_Agg!$A:$A,">="&$A5,Weekly_Agg!$A:$A,"<"&DATE(YEAR($A5),MONTH($A5)+1,1)) | K5: =SUMIFS(Weekly_Agg!$P:$P,Weekly_Agg!$A:$A,">="&$A5,Weekly_Agg!$A:$A,"<"&DATE(YEAR($A5),MONTH($A5)+1,1)) | L5: =SUMIFS(Weekly_Agg!$Q:$Q,Weekly_Agg!$A:$A,">="&$A5,Weekly_Agg!$A:$A,"<"&DATE(YEAR($A5),MONTH($A5)+1,1)) | M5: =SUMIFS(Weekly_Agg!$R:$R,Weekly_Agg!$A:$A,">="&$A5,Weekly_Agg!$A:$A,"<"&DATE(YEAR($A5),MONTH($A5)+1,1)) | N5: =SUMIFS(Weekly_Agg!$M:$M,Weekly_Agg!$A:$A,">="&$A5,Weekly_Agg!$A:$A,"<"&DATE(YEAR($A5),MONTH($A5)+1,1)) | O5: =COUNTIFS(People!$C$3:$C$500,"Social",People!$D$3:$D$500,">="&$A5,People!$D$3:$D$500,"<"&DATE(YEAR($A5),MONTH($A5)+1,1)) | P5: =SUMPRODUCT(--(People!$C$3:$C$500="Social"),--(People!$D$3:$D$500>=$A5),--(People!$D$3:$D$500<DATE(YEAR($A5),MONTH($A5)+1,1)),--(People!$F$3:$F$500>=2)) | Q5: =IF(AND($O5>=10,$P5<2),1,0) | R5: =SUMIFS(Weekly_Agg!$X:$X,Weekly_Agg!$A:$A,">="&$A5,Weekly_Agg!$A:$A,"<"&DATE(YEAR($A5),MONTH($A5)+1,1)) | S5: =IF($R5=0,1,0) | T5: =COUNTIFS(People!$C$3:$C$500,"Romance",People!$D$3:$D$500,">="&$A5,People!$D$3:$D$500,"<"&DATE(YEAR($A5),MONTH($A5)+1,1)) | U5: =SUMPRODUCT(--(People!$C$3:$C$500="Romance"),--(People!$D$3:$D$500>=$A5),--(People!$D$3:$D$500<DATE(YEAR($A5),MONTH($A5)+1,1)),--(People!$G$3:$G$500>=2)) | V5: =IF(AND($A5>=DATE(2026,6,1),$I5>8,$U5=0),1,0) | W5: =SUMIFS(Raw_Events!$H:$H,Raw_Events!$E:$E,$A5,Raw_Events!$G:$G,"DEEP_WORK_HOURS") | X5: =SUMIFS(Raw_Events!$H:$H,Raw_Events!$E:$E,$A5,Raw_Events!$G:$G,"EDUCATION_HOURS") | Y5: =SUMIFS(Raw_Events!$H:$H,Raw_Events!$E:$E,$A5,Raw_Events!$G:$G,"HOBBY_HOURS") | Z5: =SUMIFS(Raw_Events!$H:$H,Raw_Events!$E:$E,$A5,Raw_Events!$G:$G,"PARTNER_QUALITY_TIME") | AA5: =IFERROR(MAXIFS(Raw_Events!$H:$H,Raw_Events!$E:$E,$A5,Raw_Events!$G:$G,"INVESTMENT_COVERAGE"),"") | AB5: =COUNTIFS(Raw_Events!$G:$G,"ACTIVITY_CANCELLED",Raw_Events!$E:$E,$A5) | AC5: =IF($AB5>=2,1,0)
A6: 46113 | B6: =SUMIFS(Weekly_Agg!$C:$C,Weekly_Agg!$A:$A,">="&$A6,Weekly_Agg!$A:$A,"<"&DATE(YEAR($A6),MONTH($A6)+1,1)) | C6: =SUMIFS(Weekly_Agg!$B:$B,Weekly_Agg!$A:$A,">="&$A6,Weekly_Agg!$A:$A,"<"&DATE(YEAR($A6),MONTH($A6)+1,1)) | D6: =COUNTIFS(Raw_Events!$G$3:$G$20000,"BOOK_FINISHED",Raw_Events!$E$3:$E$20000,$A6) | E6: =SUMIFS(Weekly_Agg!$K:$K,Weekly_Agg!$A:$A,">="&$A6,Weekly_Agg!$A:$A,"<"&DATE(YEAR($A6),MONTH($A6)+1,1))/60 | F6: =SUMIFS(Weekly_Agg!$L:$L,Weekly_Agg!$A:$A,">="&$A6,Weekly_Agg!$A:$A,"<"&DATE(YEAR($A6),MONTH($A6)+1,1)) | G6: =SUMIFS(Weekly_Agg!$U:$U,Weekly_Agg!$A:$A,">="&$A6,Weekly_Agg!$A:$A,"<"&DATE(YEAR($A6),MONTH($A6)+1,1)) | H6: =SUMIFS(Weekly_Agg!$V:$V,Weekly_Agg!$A:$A,">="&$A6,Weekly_Agg!$A:$A,"<"&DATE(YEAR($A6),MONTH($A6)+1,1)) | I6: =SUMIFS(Weekly_Agg!$I:$I,Weekly_Agg!$A:$A,">="&$A6,Weekly_Agg!$A:$A,"<"&DATE(YEAR($A6),MONTH($A6)+1,1)) | J6: =SUMIFS(Weekly_Agg!$H:$H,Weekly_Agg!$A:$A,">="&$A6,Weekly_Agg!$A:$A,"<"&DATE(YEAR($A6),MONTH($A6)+1,1)) | K6: =SUMIFS(Weekly_Agg!$P:$P,Weekly_Agg!$A:$A,">="&$A6,Weekly_Agg!$A:$A,"<"&DATE(YEAR($A6),MONTH($A6)+1,1)) | L6: =SUMIFS(Weekly_Agg!$Q:$Q,Weekly_Agg!$A:$A,">="&$A6,Weekly_Agg!$A:$A,"<"&DATE(YEAR($A6),MONTH($A6)+1,1)) | M6: =SUMIFS(Weekly_Agg!$R:$R,Weekly_Agg!$A:$A,">="&$A6,Weekly_Agg!$A:$A,"<"&DATE(YEAR($A6),MONTH($A6)+1,1)) | N6: =SUMIFS(Weekly_Agg!$M:$M,Weekly_Agg!$A:$A,">="&$A6,Weekly_Agg!$A:$A,"<"&DATE(YEAR($A6),MONTH($A6)+1,1)) | O6: =COUNTIFS(People!$C$3:$C$500,"Social",People!$D$3:$D$500,">="&$A6,People!$D$3:$D$500,"<"&DATE(YEAR($A6),MONTH($A6)+1,1)) | P6: =SUMPRODUCT(--(People!$C$3:$C$500="Social"),--(People!$D$3:$D$500>=$A6),--(People!$D$3:$D$500<DATE(YEAR($A6),MONTH($A6)+1,1)),--(People!$F$3:$F$500>=2)) | Q6: =IF(AND($O6>=10,$P6<2),1,0) | R6: =SUMIFS(Weekly_Agg!$X:$X,Weekly_Agg!$A:$A,">="&$A6,Weekly_Agg!$A:$A,"<"&DATE(YEAR($A6),MONTH($A6)+1,1)) | S6: =IF($R6=0,1,0) | T6: =COUNTIFS(People!$C$3:$C$500,"Romance",People!$D$3:$D$500,">="&$A6,People!$D$3:$D$500,"<"&DATE(YEAR($A6),MONTH($A6)+1,1)) | U6: =SUMPRODUCT(--(People!$C$3:$C$500="Romance"),--(People!$D$3:$D$500>=$A6),--(People!$D$3:$D$500<DATE(YEAR($A6),MONTH($A6)+1,1)),--(People!$G$3:$G$500>=2)) | V6: =IF(AND($A6>=DATE(2026,6,1),$I6>8,$U6=0),1,0) | W6: =SUMIFS(Raw_Events!$H:$H,Raw_Events!$E:$E,$A6,Raw_Events!$G:$G,"DEEP_WORK_HOURS") | X6: =SUMIFS(Raw_Events!$H:$H,Raw_Events!$E:$E,$A6,Raw_Events!$G:$G,"EDUCATION_HOURS") | Y6: =SUMIFS(Raw_Events!$H:$H,Raw_Events!$E:$E,$A6,Raw_Events!$G:$G,"HOBBY_HOURS") | Z6: =SUMIFS(Raw_Events!$H:$H,Raw_Events!$E:$E,$A6,Raw_Events!$G:$G,"PARTNER_QUALITY_TIME") | AA6: =IFERROR(MAXIFS(Raw_Events!$H:$H,Raw_Events!$E:$E,$A6,Raw_Events!$G:$G,"INVESTMENT_COVERAGE"),"") | AB6: =COUNTIFS(Raw_Events!$G:$G,"ACTIVITY_CANCELLED",Raw_Events!$E:$E,$A6) | AC6: =IF($AB6>=2,1,0)
A7: 46143 | B7: =SUMIFS(Weekly_Agg!$C:$C,Weekly_Agg!$A:$A,">="&$A7,Weekly_Agg!$A:$A,"<"&DATE(YEAR($A7),MONTH($A7)+1,1)) | C7: =SUMIFS(Weekly_Agg!$B:$B,Weekly_Agg!$A:$A,">="&$A7,Weekly_Agg!$A:$A,"<"&DATE(YEAR($A7),MONTH($A7)+1,1)) | D7: =COUNTIFS(Raw_Events!$G$3:$G$20000,"BOOK_FINISHED",Raw_Events!$E$3:$E$20000,$A7) | E7: =SUMIFS(Weekly_Agg!$K:$K,Weekly_Agg!$A:$A,">="&$A7,Weekly_Agg!$A:$A,"<"&DATE(YEAR($A7),MONTH($A7)+1,1))/60 | F7: =SUMIFS(Weekly_Agg!$L:$L,Weekly_Agg!$A:$A,">="&$A7,Weekly_Agg!$A:$A,"<"&DATE(YEAR($A7),MONTH($A7)+1,1)) | G7: =SUMIFS(Weekly_Agg!$U:$U,Weekly_Agg!$A:$A,">="&$A7,Weekly_Agg!$A:$A,"<"&DATE(YEAR($A7),MONTH($A7)+1,1)) | H7: =SUMIFS(Weekly_Agg!$V:$V,Weekly_Agg!$A:$A,">="&$A7,Weekly_Agg!$A:$A,"<"&DATE(YEAR($A7),MONTH($A7)+1,1)) | I7: =SUMIFS(Weekly_Agg!$I:$I,Weekly_Agg!$A:$A,">="&$A7,Weekly_Agg!$A:$A,"<"&DATE(YEAR($A7),MONTH($A7)+1,1)) | J7: =SUMIFS(Weekly_Agg!$H:$H,Weekly_Agg!$A:$A,">="&$A7,Weekly_Agg!$A:$A,"<"&DATE(YEAR($A7),MONTH($A7)+1,1)) | K7: =SUMIFS(Weekly_Agg!$P:$P,Weekly_Agg!$A:$A,">="&$A7,Weekly_Agg!$A:$A,"<"&DATE(YEAR($A7),MONTH($A7)+1,1)) | L7: =SUMIFS(Weekly_Agg!$Q:$Q,Weekly_Agg!$A:$A,">="&$A7,Weekly_Agg!$A:$A,"<"&DATE(YEAR($A7),MONTH($A7)+1,1)) | M7: =SUMIFS(Weekly_Agg!$R:$R,Weekly_Agg!$A:$A,">="&$A7,Weekly_Agg!$A:$A,"<"&DATE(YEAR($A7),MONTH($A7)+1,1)) | N7: =SUMIFS(Weekly_Agg!$M:$M,Weekly_Agg!$A:$A,">="&$A7,Weekly_Agg!$A:$A,"<"&DATE(YEAR($A7),MONTH($A7)+1,1)) | O7: =COUNTIFS(People!$C$3:$C$500,"Social",People!$D$3:$D$500,">="&$A7,People!$D$3:$D$500,"<"&DATE(YEAR($A7),MONTH($A7)+1,1)) | P7: =SUMPRODUCT(--(People!$C$3:$C$500="Social"),--(People!$D$3:$D$500>=$A7),--(People!$D$3:$D$500<DATE(YEAR($A7),MONTH($A7)+1,1)),--(People!$F$3:$F$500>=2)) | Q7: =IF(AND($O7>=10,$P7<2),1,0) | R7: =SUMIFS(Weekly_Agg!$X:$X,Weekly_Agg!$A:$A,">="&$A7,Weekly_Agg!$A:$A,"<"&DATE(YEAR($A7),MONTH($A7)+1,1)) | S7: =IF($R7=0,1,0) | T7: =COUNTIFS(People!$C$3:$C$500,"Romance",People!$D$3:$D$500,">="&$A7,People!$D$3:$D$500,"<"&DATE(YEAR($A7),MONTH($A7)+1,1)) | U7: =SUMPRODUCT(--(People!$C$3:$C$500="Romance"),--(People!$D$3:$D$500>=$A7),--(People!$D$3:$D$500<DATE(YEAR($A7),MONTH($A7)+1,1)),--(People!$G$3:$G$500>=2)) | V7: =IF(AND($A7>=DATE(2026,6,1),$I7>8,$U7=0),1,0) | W7: =SUMIFS(Raw_Events!$H:$H,Raw_Events!$E:$E,$A7,Raw_Events!$G:$G,"DEEP_WORK_HOURS") | X7: =SUMIFS(Raw_Events!$H:$H,Raw_Events!$E:$E,$A7,Raw_Events!$G:$G,"EDUCATION_HOURS") | Y7: =SUMIFS(Raw_Events!$H:$H,Raw_Events!$E:$E,$A7,Raw_Events!$G:$G,"HOBBY_HOURS") | Z7: =SUMIFS(Raw_Events!$H:$H,Raw_Events!$E:$E,$A7,Raw_Events!$G:$G,"PARTNER_QUALITY_TIME") | AA7: =IFERROR(MAXIFS(Raw_Events!$H:$H,Raw_Events!$E:$E,$A7,Raw_Events!$G:$G,"INVESTMENT_COVERAGE"),"") | AB7: =COUNTIFS(Raw_Events!$G:$G,"ACTIVITY_CANCELLED",Raw_Events!$E:$E,$A7) | AC7: =IF($AB7>=2,1,0)
A8: 46174 | B8: =SUMIFS(Weekly_Agg!$C:$C,Weekly_Agg!$A:$A,">="&$A8,Weekly_Agg!$A:$A,"<"&DATE(YEAR($A8),MONTH($A8)+1,1)) | C8: =SUMIFS(Weekly_Agg!$B:$B,Weekly_Agg!$A:$A,">="&$A8,Weekly_Agg!$A:$A,"<"&DATE(YEAR($A8),MONTH($A8)+1,1)) | D8: =COUNTIFS(Raw_Events!$G$3:$G$20000,"BOOK_FINISHED",Raw_Events!$E$3:$E$20000,$A8) | E8: =SUMIFS(Weekly_Agg!$K:$K,Weekly_Agg!$A:$A,">="&$A8,Weekly_Agg!$A:$A,"<"&DATE(YEAR($A8),MONTH($A8)+1,1))/60 | F8: =SUMIFS(Weekly_Agg!$L:$L,Weekly_Agg!$A:$A,">="&$A8,Weekly_Agg!$A:$A,"<"&DATE(YEAR($A8),MONTH($A8)+1,1)) | G8: =SUMIFS(Weekly_Agg!$U:$U,Weekly_Agg!$A:$A,">="&$A8,Weekly_Agg!$A:$A,"<"&DATE(YEAR($A8),MONTH($A8)+1,1)) | H8: =SUMIFS(Weekly_Agg!$V:$V,Weekly_Agg!$A:$A,">="&$A8,Weekly_Agg!$A:$A,"<"&DATE(YEAR($A8),MONTH($A8)+1,1)) | I8: =SUMIFS(Weekly_Agg!$I:$I,Weekly_Agg!$A:$A,">="&$A8,Weekly_Agg!$A:$A,"<"&DATE(YEAR($A8),MONTH($A8)+1,1)) | J8: =SUMIFS(Weekly_Agg!$H:$H,Weekly_Agg!$A:$A,">="&$A8,Weekly_Agg!$A:$A,"<"&DATE(YEAR($A8),MONTH($A8)+1,1)) | K8: =SUMIFS(Weekly_Agg!$P:$P,Weekly_Agg!$A:$A,">="&$A8,Weekly_Agg!$A:$A,"<"&DATE(YEAR($A8),MONTH($A8)+1,1)) | L8: =SUMIFS(Weekly_Agg!$Q:$Q,Weekly_Agg!$A:$A,">="&$A8,Weekly_Agg!$A:$A,"<"&DATE(YEAR($A8),MONTH($A8)+1,1)) | M8: =SUMIFS(Weekly_Agg!$R:$R,Weekly_Agg!$A:$A,">="&$A8,Weekly_Agg!$A:$A,"<"&DATE(YEAR($A8),MONTH($A8)+1,1)) | N8: =SUMIFS(Weekly_Agg!$M:$M,Weekly_Agg!$A:$A,">="&$A8,Weekly_Agg!$A:$A,"<"&DATE(YEAR($A8),MONTH($A8)+1,1)) | O8: =COUNTIFS(People!$C$3:$C$500,"Social",People!$D$3:$D$500,">="&$A8,People!$D$3:$D$500,"<"&DATE(YEAR($A8),MONTH($A8)+1,1)) | P8: =SUMPRODUCT(--(People!$C$3:$C$500="Social"),--(People!$D$3:$D$500>=$A8),--(People!$D$3:$D$500<DATE(YEAR($A8),MONTH($A8)+1,1)),--(People!$F$3:$F$500>=2)) | Q8: =IF(AND($O8>=10,$P8<2),1,0) | R8: =SUMIFS(Weekly_Agg!$X:$X,Weekly_Agg!$A:$A,">="&$A8,Weekly_Agg!$A:$A,"<"&DATE(YEAR($A8),MONTH($A8)+1,1)) | S8: =IF($R8=0,1,0) | T8: =COUNTIFS(People!$C$3:$C$500,"Romance",People!$D$3:$D$500,">="&$A8,People!$D$3:$D$500,"<"&DATE(YEAR($A8),MONTH($A8)+1,1)) | U8: =SUMPRODUCT(--(People!$C$3:$C$500="Romance"),--(People!$D$3:$D$500>=$A8),--(People!$D$3:$D$500<DATE(YEAR($A8),MONTH($A8)+1,1)),--(People!$G$3:$G$500>=2)) | V8: =IF(AND($A8>=DATE(2026,6,1),$I8>8,$U8=0),1,0) | W8: =SUMIFS(Raw_Events!$H:$H,Raw_Events!$E:$E,$A8,Raw_Events!$G:$G,"DEEP_WORK_HOURS") | X8: =SUMIFS(Raw_Events!$H:$H,Raw_Events!$E:$E,$A8,Raw_Events!$G:$G,"EDUCATION_HOURS") | Y8: =SUMIFS(Raw_Events!$H:$H,Raw_Events!$E:$E,$A8,Raw_Events!$G:$G,"HOBBY_HOURS") | Z8: =SUMIFS(Raw_Events!$H:$H,Raw_Events!$E:$E,$A8,Raw_Events!$G:$G,"PARTNER_QUALITY_TIME") | AA8: =IFERROR(MAXIFS(Raw_Events!$H:$H,Raw_Events!$E:$E,$A8,Raw_Events!$G:$G,"INVESTMENT_COVERAGE"),"") | AB8: =COUNTIFS(Raw_Events!$G:$G,"ACTIVITY_CANCELLED",Raw_Events!$E:$E,$A8) | AC8: =IF($AB8>=2,1,0)
A9: 46204 | B9: =SUMIFS(Weekly_Agg!$C:$C,Weekly_Agg!$A:$A,">="&$A9,Weekly_Agg!$A:$A,"<"&DATE(YEAR($A9),MONTH($A9)+1,1)) | C9: =SUMIFS(Weekly_Agg!$B:$B,Weekly_Agg!$A:$A,">="&$A9,Weekly_Agg!$A:$A,"<"&DATE(YEAR($A9),MONTH($A9)+1,1)) | D9: =COUNTIFS(Raw_Events!$G$3:$G$20000,"BOOK_FINISHED",Raw_Events!$E$3:$E$20000,$A9) | E9: =SUMIFS(Weekly_Agg!$K:$K,Weekly_Agg!$A:$A,">="&$A9,Weekly_Agg!$A:$A,"<"&DATE(YEAR($A9),MONTH($A9)+1,1))/60 | F9: =SUMIFS(Weekly_Agg!$L:$L,Weekly_Agg!$A:$A,">="&$A9,Weekly_Agg!$A:$A,"<"&DATE(YEAR($A9),MONTH($A9)+1,1)) | G9: =SUMIFS(Weekly_Agg!$U:$U,Weekly_Agg!$A:$A,">="&$A9,Weekly_Agg!$A:$A,"<"&DATE(YEAR($A9),MONTH($A9)+1,1)) | H9: =SUMIFS(Weekly_Agg!$V:$V,Weekly_Agg!$A:$A,">="&$A9,Weekly_Agg!$A:$A,"<"&DATE(YEAR($A9),MONTH($A9)+1,1)) | I9: =SUMIFS(Weekly_Agg!$I:$I,Weekly_Agg!$A:$A,">="&$A9,Weekly_Agg!$A:$A,"<"&DATE(YEAR($A9),MONTH($A9)+1,1)) | J9: =SUMIFS(Weekly_Agg!$H:$H,Weekly_Agg!$A:$A,">="&$A9,Weekly_Agg!$A:$A,"<"&DATE(YEAR($A9),MONTH($A9)+1,1)) | K9: =SUMIFS(Weekly_Agg!$P:$P,Weekly_Agg!$A:$A,">="&$A9,Weekly_Agg!$A:$A,"<"&DATE(YEAR($A9),MONTH($A9)+1,1)) | L9: =SUMIFS(Weekly_Agg!$Q:$Q,Weekly_Agg!$A:$A,">="&$A9,Weekly_Agg!$A:$A,"<"&DATE(YEAR($A9),MONTH($A9)+1,1)) | M9: =SUMIFS(Weekly_Agg!$R:$R,Weekly_Agg!$A:$A,">="&$A9,Weekly_Agg!$A:$A,"<"&DATE(YEAR($A9),MONTH($A9)+1,1)) | N9: =SUMIFS(Weekly_Agg!$M:$M,Weekly_Agg!$A:$A,">="&$A9,Weekly_Agg!$A:$A,"<"&DATE(YEAR($A9),MONTH($A9)+1,1)) | O9: =COUNTIFS(People!$C$3:$C$500,"Social",People!$D$3:$D$500,">="&$A9,People!$D$3:$D$500,"<"&DATE(YEAR($A9),MONTH($A9)+1,1)) | P9: =SUMPRODUCT(--(People!$C$3:$C$500="Social"),--(People!$D$3:$D$500>=$A9),--(People!$D$3:$D$500<DATE(YEAR($A9),MONTH($A9)+1,1)),--(People!$F$3:$F$500>=2)) | Q9: =IF(AND($O9>=10,$P9<2),1,0) | R9: =SUMIFS(Weekly_Agg!$X:$X,Weekly_Agg!$A:$A,">="&$A9,Weekly_Agg!$A:$A,"<"&DATE(YEAR($A9),MONTH($A9)+1,1)) | S9: =IF($R9=0,1,0) | T9: =COUNTIFS(People!$C$3:$C$500,"Romance",People!$D$3:$D$500,">="&$A9,People!$D$3:$D$500,"<"&DATE(YEAR($A9),MONTH($A9)+1,1)) | U9: =SUMPRODUCT(--(People!$C$3:$C$500="Romance"),--(People!$D$3:$D$500>=$A9),--(People!$D$3:$D$500<DATE(YEAR($A9),MONTH($A9)+1,1)),--(People!$G$3:$G$500>=2)) | V9: =IF(AND($A9>=DATE(2026,6,1),$I9>8,$U9=0),1,0) | W9: =SUMIFS(Raw_Events!$H:$H,Raw_Events!$E:$E,$A9,Raw_Events!$G:$G,"DEEP_WORK_HOURS") | X9: =SUMIFS(Raw_Events!$H:$H,Raw_Events!$E:$E,$A9,Raw_Events!$G:$G,"EDUCATION_HOURS") | Y9: =SUMIFS(Raw_Events!$H:$H,Raw_Events!$E:$E,$A9,Raw_Events!$G:$G,"HOBBY_HOURS") | Z9: =SUMIFS(Raw_Events!$H:$H,Raw_Events!$E:$E,$A9,Raw_Events!$G:$G,"PARTNER_QUALITY_TIME") | AA9: =IFERROR(MAXIFS(Raw_Events!$H:$H,Raw_Events!$E:$E,$A9,Raw_Events!$G:$G,"INVESTMENT_COVERAGE"),"") | AB9: =COUNTIFS(Raw_Events!$G:$G,"ACTIVITY_CANCELLED",Raw_Events!$E:$E,$A9) | AC9: =IF($AB9>=2,1,0)
A10: 46235 | B10: =SUMIFS(Weekly_Agg!$C:$C,Weekly_Agg!$A:$A,">="&$A10,Weekly_Agg!$A:$A,"<"&DATE(YEAR($A10),MONTH($A10)+1,1)) | C10: =SUMIFS(Weekly_Agg!$B:$B,Weekly_Agg!$A:$A,">="&$A10,Weekly_Agg!$A:$A,"<"&DATE(YEAR($A10),MONTH($A10)+1,1)) | D10: =COUNTIFS(Raw_Events!$G$3:$G$20000,"BOOK_FINISHED",Raw_Events!$E$3:$E$20000,$A10) | E10: =SUMIFS(Weekly_Agg!$K:$K,Weekly_Agg!$A:$A,">="&$A10,Weekly_Agg!$A:$A,"<"&DATE(YEAR($A10),MONTH($A10)+1,1))/60 | F10: =SUMIFS(Weekly_Agg!$L:$L,Weekly_Agg!$A:$A,">="&$A10,Weekly_Agg!$A:$A,"<"&DATE(YEAR($A10),MONTH($A10)+1,1)) | G10: =SUMIFS(Weekly_Agg!$U:$U,Weekly_Agg!$A:$A,">="&$A10,Weekly_Agg!$A:$A,"<"&DATE(YEAR($A10),MONTH($A10)+1,1)) | H10: =SUMIFS(Weekly_Agg!$V:$V,Weekly_Agg!$A:$A,">="&$A10,Weekly_Agg!$A:$A,"<"&DATE(YEAR($A10),MONTH($A10)+1,1)) | I10: =SUMIFS(Weekly_Agg!$I:$I,Weekly_Agg!$A:$A,">="&$A10,Weekly_Agg!$A:$A,"<"&DATE(YEAR($A10),MONTH($A10)+1,1)) | J10: =SUMIFS(Weekly_Agg!$H:$H,Weekly_Agg!$A:$A,">="&$A10,Weekly_Agg!$A:$A,"<"&DATE(YEAR($A10),MONTH($A10)+1,1)) | K10: =SUMIFS(Weekly_Agg!$P:$P,Weekly_Agg!$A:$A,">="&$A10,Weekly_Agg!$A:$A,"<"&DATE(YEAR($A10),MONTH($A10)+1,1)) | L10: =SUMIFS(Weekly_Agg!$Q:$Q,Weekly_Agg!$A:$A,">="&$A10,Weekly_Agg!$A:$A,"<"&DATE(YEAR($A10),MONTH($A10)+1,1)) | M10: =SUMIFS(Weekly_Agg!$R:$R,Weekly_Agg!$A:$A,">="&$A10,Weekly_Agg!$A:$A,"<"&DATE(YEAR($A10),MONTH($A10)+1,1)) | N10: =SUMIFS(Weekly_Agg!$M:$M,Weekly_Agg!$A:$A,">="&$A10,Weekly_Agg!$A:$A,"<"&DATE(YEAR($A10),MONTH($A10)+1,1)) | O10: =COUNTIFS(People!$C$3:$C$500,"Social",People!$D$3:$D$500,">="&$A10,People!$D$3:$D$500,"<"&DATE(YEAR($A10),MONTH($A10)+1,1)) | P10: =SUMPRODUCT(--(People!$C$3:$C$500="Social"),--(People!$D$3:$D$500>=$A10),--(People!$D$3:$D$500<DATE(YEAR($A10),MONTH($A10)+1,1)),--(People!$F$3:$F$500>=2)) | Q10: =IF(AND($O10>=10,$P10<2),1,0) | R10: =SUMIFS(Weekly_Agg!$X:$X,Weekly_Agg!$A:$A,">="&$A10,Weekly_Agg!$A:$A,"<"&DATE(YEAR($A10),MONTH($A10)+1,1)) | S10: =IF($R10=0,1,0) | T10: =COUNTIFS(People!$C$3:$C$500,"Romance",People!$D$3:$D$500,">="&$A10,People!$D$3:$D$500,"<"&DATE(YEAR($A10),MONTH($A10)+1,1)) | U10: =SUMPRODUCT(--(People!$C$3:$C$500="Romance"),--(People!$D$3:$D$500>=$A10),--(People!$D$3:$D$500<DATE(YEAR($A10),MONTH($A10)+1,1)),--(People!$G$3:$G$500>=2)) | V10: =IF(AND($A10>=DATE(2026,6,1),$I10>8,$U10=0),1,0) | W10: =SUMIFS(Raw_Events!$H:$H,Raw_Events!$E:$E,$A10,Raw_Events!$G:$G,"DEEP_WORK_HOURS") | X10: =SUMIFS(Raw_Events!$H:$H,Raw_Events!$E:$E,$A10,Raw_Events!$G:$G,"EDUCATION_HOURS") | Y10: =SUMIFS(Raw_Events!$H:$H,Raw_Events!$E:$E,$A10,Raw_Events!$G:$G,"HOBBY_HOURS") | Z10: =SUMIFS(Raw_Events!$H:$H,Raw_Events!$E:$E,$A10,Raw_Events!$G:$G,"PARTNER_QUALITY_TIME") | AA10: =IFERROR(MAXIFS(Raw_Events!$H:$H,Raw_Events!$E:$E,$A10,Raw_Events!$G:$G,"INVESTMENT_COVERAGE"),"") | AB10: =COUNTIFS(Raw_Events!$G:$G,"ACTIVITY_CANCELLED",Raw_Events!$E:$E,$A10) | AC10: =IF($AB10>=2,1,0)
A11: 46266 | B11: =SUMIFS(Weekly_Agg!$C:$C,Weekly_Agg!$A:$A,">="&$A11,Weekly_Agg!$A:$A,"<"&DATE(YEAR($A11),MONTH($A11)+1,1)) | C11: =SUMIFS(Weekly_Agg!$B:$B,Weekly_Agg!$A:$A,">="&$A11,Weekly_Agg!$A:$A,"<"&DATE(YEAR($A11),MONTH($A11)+1,1)) | D11: =COUNTIFS(Raw_Events!$G$3:$G$20000,"BOOK_FINISHED",Raw_Events!$E$3:$E$20000,$A11) | E11: =SUMIFS(Weekly_Agg!$K:$K,Weekly_Agg!$A:$A,">="&$A11,Weekly_Agg!$A:$A,"<"&DATE(YEAR($A11),MONTH($A11)+1,1))/60 | F11: =SUMIFS(Weekly_Agg!$L:$L,Weekly_Agg!$A:$A,">="&$A11,Weekly_Agg!$A:$A,"<"&DATE(YEAR($A11),MONTH($A11)+1,1)) | G11: =SUMIFS(Weekly_Agg!$U:$U,Weekly_Agg!$A:$A,">="&$A11,Weekly_Agg!$A:$A,"<"&DATE(YEAR($A11),MONTH($A11)+1,1)) | H11: =SUMIFS(Weekly_Agg!$V:$V,Weekly_Agg!$A:$A,">="&$A11,Weekly_Agg!$A:$A,"<"&DATE(YEAR($A11),MONTH($A11)+1,1)) | I11: =SUMIFS(Weekly_Agg!$I:$I,Weekly_Agg!$A:$A,">="&$A11,Weekly_Agg!$A:$A,"<"&DATE(YEAR($A11),MONTH($A11)+1,1)) | J11: =SUMIFS(Weekly_Agg!$H:$H,Weekly_Agg!$A:$A,">="&$A11,Weekly_Agg!$A:$A,"<"&DATE(YEAR($A11),MONTH($A11)+1,1)) | K11: =SUMIFS(Weekly_Agg!$P:$P,Weekly_Agg!$A:$A,">="&$A11,Weekly_Agg!$A:$A,"<"&DATE(YEAR($A11),MONTH($A11)+1,1)) | L11: =SUMIFS(Weekly_Agg!$Q:$Q,Weekly_Agg!$A:$A,">="&$A11,Weekly_Agg!$A:$A,"<"&DATE(YEAR($A11),MONTH($A11)+1,1)) | M11: =SUMIFS(Weekly_Agg!$R:$R,Weekly_Agg!$A:$A,">="&$A11,Weekly_Agg!$A:$A,"<"&DATE(YEAR($A11),MONTH($A11)+1,1)) | N11: =SUMIFS(Weekly_Agg!$M:$M,Weekly_Agg!$A:$A,">="&$A11,Weekly_Agg!$A:$A,"<"&DATE(YEAR($A11),MONTH($A11)+1,1)) | O11: =COUNTIFS(People!$C$3:$C$500,"Social",People!$D$3:$D$500,">="&$A11,People!$D$3:$D$500,"<"&DATE(YEAR($A11),MONTH($A11)+1,1)) | P11: =SUMPRODUCT(--(People!$C$3:$C$500="Social"),--(People!$D$3:$D$500>=$A11),--(People!$D$3:$D$500<DATE(YEAR($A11),MONTH($A11)+1,1)),--(People!$F$3:$F$500>=2)) | Q11: =IF(AND($O11>=10,$P11<2),1,0) | R11: =SUMIFS(Weekly_Agg!$X:$X,Weekly_Agg!$A:$A,">="&$A11,Weekly_Agg!$A:$A,"<"&DATE(YEAR($A11),MONTH($A11)+1,1)) | S11: =IF($R11=0,1,0) | T11: =COUNTIFS(People!$C$3:$C$500,"Romance",People!$D$3:$D$500,">="&$A11,People!$D$3:$D$500,"<"&DATE(YEAR($A11),MONTH($A11)+1,1)) | U11: =SUMPRODUCT(--(People!$C$3:$C$500="Romance"),--(People!$D$3:$D$500>=$A11),--(People!$D$3:$D$500<DATE(YEAR($A11),MONTH($A11)+1,1)),--(People!$G$3:$G$500>=2)) | V11: =IF(AND($A11>=DATE(2026,6,1),$I11>8,$U11=0),1,0) | W11: =SUMIFS(Raw_Events!$H:$H,Raw_Events!$E:$E,$A11,Raw_Events!$G:$G,"DEEP_WORK_HOURS") | X11: =SUMIFS(Raw_Events!$H:$H,Raw_Events!$E:$E,$A11,Raw_Events!$G:$G,"EDUCATION_HOURS") | Y11: =SUMIFS(Raw_Events!$H:$H,Raw_Events!$E:$E,$A11,Raw_Events!$G:$G,"HOBBY_HOURS") | Z11: =SUMIFS(Raw_Events!$H:$H,Raw_Events!$E:$E,$A11,Raw_Events!$G:$G,"PARTNER_QUALITY_TIME") | AA11: =IFERROR(MAXIFS(Raw_Events!$H:$H,Raw_Events!$E:$E,$A11,Raw_Events!$G:$G,"INVESTMENT_COVERAGE"),"") | AB11: =COUNTIFS(Raw_Events!$G:$G,"ACTIVITY_CANCELLED",Raw_Events!$E:$E,$A11) | AC11: =IF($AB11>=2,1,0)
A12: 46296 | B12: =SUMIFS(Weekly_Agg!$C:$C,Weekly_Agg!$A:$A,">="&$A12,Weekly_Agg!$A:$A,"<"&DATE(YEAR($A12),MONTH($A12)+1,1)) | C12: =SUMIFS(Weekly_Agg!$B:$B,Weekly_Agg!$A:$A,">="&$A12,Weekly_Agg!$A:$A,"<"&DATE(YEAR($A12),MONTH($A12)+1,1)) | D12: =COUNTIFS(Raw_Events!$G$3:$G$20000,"BOOK_FINISHED",Raw_Events!$E$3:$E$20000,$A12) | E12: =SUMIFS(Weekly_Agg!$K:$K,Weekly_Agg!$A:$A,">="&$A12,Weekly_Agg!$A:$A,"<"&DATE(YEAR($A12),MONTH($A12)+1,1))/60 | F12: =SUMIFS(Weekly_Agg!$L:$L,Weekly_Agg!$A:$A,">="&$A12,Weekly_Agg!$A:$A,"<"&DATE(YEAR($A12),MONTH($A12)+1,1)) | G12: =SUMIFS(Weekly_Agg!$U:$U,Weekly_Agg!$A:$A,">="&$A12,Weekly_Agg!$A:$A,"<"&DATE(YEAR($A12),MONTH($A12)+1,1)) | H12: =SUMIFS(Weekly_Agg!$V:$V,Weekly_Agg!$A:$A,">="&$A12,Weekly_Agg!$A:$A,"<"&DATE(YEAR($A12),MONTH($A12)+1,1)) | I12: =SUMIFS(Weekly_Agg!$I:$I,Weekly_Agg!$A:$A,">="&$A12,Weekly_Agg!$A:$A,"<"&DATE(YEAR($A12),MONTH($A12)+1,1)) | J12: =SUMIFS(Weekly_Agg!$H:$H,Weekly_Agg!$A:$A,">="&$A12,Weekly_Agg!$A:$A,"<"&DATE(YEAR($A12),MONTH($A12)+1,1)) | K12: =SUMIFS(Weekly_Agg!$P:$P,Weekly_Agg!$A:$A,">="&$A12,Weekly_Agg!$A:$A,"<"&DATE(YEAR($A12),MONTH($A12)+1,1)) | L12: =SUMIFS(Weekly_Agg!$Q:$Q,Weekly_Agg!$A:$A,">="&$A12,Weekly_Agg!$A:$A,"<"&DATE(YEAR($A12),MONTH($A12)+1,1)) | M12: =SUMIFS(Weekly_Agg!$R:$R,Weekly_Agg!$A:$A,">="&$A12,Weekly_Agg!$A:$A,"<"&DATE(YEAR($A12),MONTH($A12)+1,1)) | N12: =SUMIFS(Weekly_Agg!$M:$M,Weekly_Agg!$A:$A,">="&$A12,Weekly_Agg!$A:$A,"<"&DATE(YEAR($A12),MONTH($A12)+1,1)) | O12: =COUNTIFS(People!$C$3:$C$500,"Social",People!$D$3:$D$500,">="&$A12,People!$D$3:$D$500,"<"&DATE(YEAR($A12),MONTH($A12)+1,1)) | P12: =SUMPRODUCT(--(People!$C$3:$C$500="Social"),--(People!$D$3:$D$500>=$A12),--(People!$D$3:$D$500<DATE(YEAR($A12),MONTH($A12)+1,1)),--(People!$F$3:$F$500>=2)) | Q12: =IF(AND($O12>=10,$P12<2),1,0) | R12: =SUMIFS(Weekly_Agg!$X:$X,Weekly_Agg!$A:$A,">="&$A12,Weekly_Agg!$A:$A,"<"&DATE(YEAR($A12),MONTH($A12)+1,1)) | S12: =IF($R12=0,1,0) | T12: =COUNTIFS(People!$C$3:$C$500,"Romance",People!$D$3:$D$500,">="&$A12,People!$D$3:$D$500,"<"&DATE(YEAR($A12),MONTH($A12)+1,1)) | U12: =SUMPRODUCT(--(People!$C$3:$C$500="Romance"),--(People!$D$3:$D$500>=$A12),--(People!$D$3:$D$500<DATE(YEAR($A12),MONTH($A12)+1,1)),--(People!$G$3:$G$500>=2)) | V12: =IF(AND($A12>=DATE(2026,6,1),$I12>8,$U12=0),1,0) | W12: =SUMIFS(Raw_Events!$H:$H,Raw_Events!$E:$E,$A12,Raw_Events!$G:$G,"DEEP_WORK_HOURS") | X12: =SUMIFS(Raw_Events!$H:$H,Raw_Events!$E:$E,$A12,Raw_Events!$G:$G,"EDUCATION_HOURS") | Y12: =SUMIFS(Raw_Events!$H:$H,Raw_Events!$E:$E,$A12,Raw_Events!$G:$G,"HOBBY_HOURS") | Z12: =SUMIFS(Raw_Events!$H:$H,Raw_Events!$E:$E,$A12,Raw_Events!$G:$G,"PARTNER_QUALITY_TIME") | AA12: =IFERROR(MAXIFS(Raw_Events!$H:$H,Raw_Events!$E:$E,$A12,Raw_Events!$G:$G,"INVESTMENT_COVERAGE"),"") | AB12: =COUNTIFS(Raw_Events!$G:$G,"ACTIVITY_CANCELLED",Raw_Events!$E:$E,$A12) | AC12: =IF($AB12>=2,1,0)
A13: 46327 | B13: =SUMIFS(Weekly_Agg!$C:$C,Weekly_Agg!$A:$A,">="&$A13,Weekly_Agg!$A:$A,"<"&DATE(YEAR($A13),MONTH($A13)+1,1)) | C13: =SUMIFS(Weekly_Agg!$B:$B,Weekly_Agg!$A:$A,">="&$A13,Weekly_Agg!$A:$A,"<"&DATE(YEAR($A13),MONTH($A13)+1,1)) | D13: =COUNTIFS(Raw_Events!$G$3:$G$20000,"BOOK_FINISHED",Raw_Events!$E$3:$E$20000,$A13) | E13: =SUMIFS(Weekly_Agg!$K:$K,Weekly_Agg!$A:$A,">="&$A13,Weekly_Agg!$A:$A,"<"&DATE(YEAR($A13),MONTH($A13)+1,1))/60 | F13: =SUMIFS(Weekly_Agg!$L:$L,Weekly_Agg!$A:$A,">="&$A13,Weekly_Agg!$A:$A,"<"&DATE(YEAR($A13),MONTH($A13)+1,1)) | G13: =SUMIFS(Weekly_Agg!$U:$U,Weekly_Agg!$A:$A,">="&$A13,Weekly_Agg!$A:$A,"<"&DATE(YEAR($A13),MONTH($A13)+1,1)) | H13: =SUMIFS(Weekly_Agg!$V:$V,Weekly_Agg!$A:$A,">="&$A13,Weekly_Agg!$A:$A,"<"&DATE(YEAR($A13),MONTH($A13)+1,1)) | I13: =SUMIFS(Weekly_Agg!$I:$I,Weekly_Agg!$A:$A,">="&$A13,Weekly_Agg!$A:$A,"<"&DATE(YEAR($A13),MONTH($A13)+1,1)) | J13: =SUMIFS(Weekly_Agg!$H:$H,Weekly_Agg!$A:$A,">="&$A13,Weekly_Agg!$A:$A,"<"&DATE(YEAR($A13),MONTH($A13)+1,1)) | K13: =SUMIFS(Weekly_Agg!$P:$P,Weekly_Agg!$A:$A,">="&$A13,Weekly_Agg!$A:$A,"<"&DATE(YEAR($A13),MONTH($A13)+1,1)) | L13: =SUMIFS(Weekly_Agg!$Q:$Q,Weekly_Agg!$A:$A,">="&$A13,Weekly_Agg!$A:$A,"<"&DATE(YEAR($A13),MONTH($A13)+1,1)) | M13: =SUMIFS(Weekly_Agg!$R:$R,Weekly_Agg!$A:$A,">="&$A13,Weekly_Agg!$A:$A,"<"&DATE(YEAR($A13),MONTH($A13)+1,1)) | N13: =SUMIFS(Weekly_Agg!$M:$M,Weekly_Agg!$A:$A,">="&$A13,Weekly_Agg!$A:$A,"<"&DATE(YEAR($A13),MONTH($A13)+1,1)) | O13: =COUNTIFS(People!$C$3:$C$500,"Social",People!$D$3:$D$500,">="&$A13,People!$D$3:$D$500,"<"&DATE(YEAR($A13),MONTH($A13)+1,1)) | P13: =SUMPRODUCT(--(People!$C$3:$C$500="Social"),--(People!$D$3:$D$500>=$A13),--(People!$D$3:$D$500<DATE(YEAR($A13),MONTH($A13)+1,1)),--(People!$F$3:$F$500>=2)) | Q13: =IF(AND($O13>=10,$P13<2),1,0) | R13: =SUMIFS(Weekly_Agg!$X:$X,Weekly_Agg!$A:$A,">="&$A13,Weekly_Agg!$A:$A,"<"&DATE(YEAR($A13),MONTH($A13)+1,1)) | S13: =IF($R13=0,1,0) | T13: =COUNTIFS(People!$C$3:$C$500,"Romance",People!$D$3:$D$500,">="&$A13,People!$D$3:$D$500,"<"&DATE(YEAR($A13),MONTH($A13)+1,1)) | U13: =SUMPRODUCT(--(People!$C$3:$C$500="Romance"),--(People!$D$3:$D$500>=$A13),--(People!$D$3:$D$500<DATE(YEAR($A13),MONTH($A13)+1,1)),--(People!$G$3:$G$500>=2)) | V13: =IF(AND($A13>=DATE(2026,6,1),$I13>8,$U13=0),1,0) | W13: =SUMIFS(Raw_Events!$H:$H,Raw_Events!$E:$E,$A13,Raw_Events!$G:$G,"DEEP_WORK_HOURS") | X13: =SUMIFS(Raw_Events!$H:$H,Raw_Events!$E:$E,$A13,Raw_Events!$G:$G,"EDUCATION_HOURS") | Y13: =SUMIFS(Raw_Events!$H:$H,Raw_Events!$E:$E,$A13,Raw_Events!$G:$G,"HOBBY_HOURS") | Z13: =SUMIFS(Raw_Events!$H:$H,Raw_Events!$E:$E,$A13,Raw_Events!$G:$G,"PARTNER_QUALITY_TIME") | AA13: =IFERROR(MAXIFS(Raw_Events!$H:$H,Raw_Events!$E:$E,$A13,Raw_Events!$G:$G,"INVESTMENT_COVERAGE"),"") | AB13: =COUNTIFS(Raw_Events!$G:$G,"ACTIVITY_CANCELLED",Raw_Events!$E:$E,$A13) | AC13: =IF($AB13>=2,1,0)
A14: 46357 | B14: =SUMIFS(Weekly_Agg!$C:$C,Weekly_Agg!$A:$A,">="&$A14,Weekly_Agg!$A:$A,"<"&DATE(YEAR($A14),MONTH($A14)+1,1)) | C14: =SUMIFS(Weekly_Agg!$B:$B,Weekly_Agg!$A:$A,">="&$A14,Weekly_Agg!$A:$A,"<"&DATE(YEAR($A14),MONTH($A14)+1,1)) | D14: =COUNTIFS(Raw_Events!$G$3:$G$20000,"BOOK_FINISHED",Raw_Events!$E$3:$E$20000,$A14) | E14: =SUMIFS(Weekly_Agg!$K:$K,Weekly_Agg!$A:$A,">="&$A14,Weekly_Agg!$A:$A,"<"&DATE(YEAR($A14),MONTH($A14)+1,1))/60 | F14: =SUMIFS(Weekly_Agg!$L:$L,Weekly_Agg!$A:$A,">="&$A14,Weekly_Agg!$A:$A,"<"&DATE(YEAR($A14),MONTH($A14)+1,1)) | G14: =SUMIFS(Weekly_Agg!$U:$U,Weekly_Agg!$A:$A,">="&$A14,Weekly_Agg!$A:$A,"<"&DATE(YEAR($A14),MONTH($A14)+1,1)) | H14: =SUMIFS(Weekly_Agg!$V:$V,Weekly_Agg!$A:$A,">="&$A14,Weekly_Agg!$A:$A,"<"&DATE(YEAR($A14),MONTH($A14)+1,1)) | I14: =SUMIFS(Weekly_Agg!$I:$I,Weekly_Agg!$A:$A,">="&$A14,Weekly_Agg!$A:$A,"<"&DATE(YEAR($A14),MONTH($A14)+1,1)) | J14: =SUMIFS(Weekly_Agg!$H:$H,Weekly_Agg!$A:$A,">="&$A14,Weekly_Agg!$A:$A,"<"&DATE(YEAR($A14),MONTH($A14)+1,1)) | K14: =SUMIFS(Weekly_Agg!$P:$P,Weekly_Agg!$A:$A,">="&$A14,Weekly_Agg!$A:$A,"<"&DATE(YEAR($A14),MONTH($A14)+1,1)) | L14: =SUMIFS(Weekly_Agg!$Q:$Q,Weekly_Agg!$A:$A,">="&$A14,Weekly_Agg!$A:$A,"<"&DATE(YEAR($A14),MONTH($A14)+1,1)) | M14: =SUMIFS(Weekly_Agg!$R:$R,Weekly_Agg!$A:$A,">="&$A14,Weekly_Agg!$A:$A,"<"&DATE(YEAR($A14),MONTH($A14)+1,1)) | N14: =SUMIFS(Weekly_Agg!$M:$M,Weekly_Agg!$A:$A,">="&$A14,Weekly_Agg!$A:$A,"<"&DATE(YEAR($A14),MONTH($A14)+1,1)) | O14: =COUNTIFS(People!$C$3:$C$500,"Social",People!$D$3:$D$500,">="&$A14,People!$D$3:$D$500,"<"&DATE(YEAR($A14),MONTH($A14)+1,1)) | P14: =SUMPRODUCT(--(People!$C$3:$C$500="Social"),--(People!$D$3:$D$500>=$A14),--(People!$D$3:$D$500<DATE(YEAR($A14),MONTH($A14)+1,1)),--(People!$F$3:$F$500>=2)) | Q14: =IF(AND($O14>=10,$P14<2),1,0) | R14: =SUMIFS(Weekly_Agg!$X:$X,Weekly_Agg!$A:$A,">="&$A14,Weekly_Agg!$A:$A,"<"&DATE(YEAR($A14),MONTH($A14)+1,1)) | S14: =IF($R14=0,1,0) | T14: =COUNTIFS(People!$C$3:$C$500,"Romance",People!$D$3:$D$500,">="&$A14,People!$D$3:$D$500,"<"&DATE(YEAR($A14),MONTH($A14)+1,1)) | U14: =SUMPRODUCT(--(People!$C$3:$C$500="Romance"),--(People!$D$3:$D$500>=$A14),--(People!$D$3:$D$500<DATE(YEAR($A14),MONTH($A14)+1,1)),--(People!$G$3:$G$500>=2)) | V14: =IF(AND($A14>=DATE(2026,6,1),$I14>8,$U14=0),1,0) | W14: =SUMIFS(Raw_Events!$H:$H,Raw_Events!$E:$E,$A14,Raw_Events!$G:$G,"DEEP_WORK_HOURS") | X14: =SUMIFS(Raw_Events!$H:$H,Raw_Events!$E:$E,$A14,Raw_Events!$G:$G,"EDUCATION_HOURS") | Y14: =SUMIFS(Raw_Events!$H:$H,Raw_Events!$E:$E,$A14,Raw_Events!$G:$G,"HOBBY_HOURS") | Z14: =SUMIFS(Raw_Events!$H:$H,Raw_Events!$E:$E,$A14,Raw_Events!$G:$G,"PARTNER_QUALITY_TIME") | AA14: =IFERROR(MAXIFS(Raw_Events!$H:$H,Raw_Events!$E:$E,$A14,Raw_Events!$G:$G,"INVESTMENT_COVERAGE"),"") | AB14: =COUNTIFS(Raw_Events!$G:$G,"ACTIVITY_CANCELLED",Raw_Events!$E:$E,$A14) | AC14: =IF($AB14>=2,1,0)

Sheet Quarterly_Agg
A1: Quarterly rollup (cumulative)
A2: Quarter | B2: Start | C2: End | D2: Training_hours_cum | E2: ProContacts_cum | F2: InitiativesPresented_cum | G2: StakeholderChats_Q | H2: MemosWritten_Q | I2: BooksRead_cum | J2: Ideas_cum | K2: NewActivities_cum | L2: TravelNights_cum | M2: Expenses_cum | N2: WorkHours_cum
A3: 2026-Q1 | B3: 46023 | C3: 46112 | D3: =SUMIFS(Monthly_Agg!$E:$E,Monthly_Agg!$A:$A,">="&Settings!$B$4,Monthly_Agg!$A:$A,"<="&$C3) | E3: =COUNTIFS(Raw_Events!$G:$G,"PRO_CONTACT_ADDED",Raw_Events!$C:$C,">="&Settings!B4,Raw_Events!$C:$C,"<="&$C3) | F3: =COUNTIFS(Raw_Events!$G:$G,"INITIATIVE_PRESENTED_VP",Raw_Events!$C:$C,">="&Settings!B4,Raw_Events!$C:$C,"<="&$C3) | G3: =COUNTIFS(Raw_Events!$G:$G,"STAKEHOLDER_CHAT",Raw_Events!$C:$C,">="&$B3,Raw_Events!$C:$C,"<="&$C3) | H3: =COUNTIFS(Raw_Events!$G:$G,"MEMO_WRITTEN",Raw_Events!$C:$C,">="&$B3,Raw_Events!$C:$C,"<="&$C3) | I3: =COUNTIFS(Raw_Events!$G:$G,"BOOK_FINISHED",Raw_Events!$C:$C,">="&Settings!B4,Raw_Events!$C:$C,"<="&$C3) | J3: =SUMIFS(Monthly_Agg!$F:$F,Monthly_Agg!$A:$A,">="&Settings!$B$4,Monthly_Agg!$A:$A,"<="&$C3) | K3: =SUMIFS(Monthly_Agg!$G:$G,Monthly_Agg!$A:$A,">="&Settings!$B$4,Monthly_Agg!$A:$A,"<="&$C3) | L3: =SUMIFS(Monthly_Agg!$H:$H,Monthly_Agg!$A:$A,">="&Settings!$B$4,Monthly_Agg!$A:$A,"<="&$C3) | M3: =SUMIFS(Monthly_Agg!$B:$B,Monthly_Agg!$A:$A,">="&Settings!$B$4,Monthly_Agg!$A:$A,"<="&$C3) | N3: =SUMIFS(Monthly_Agg!$C:$C,Monthly_Agg!$A:$A,">="&Settings!$B$4,Monthly_Agg!$A:$A,"<="&$C3)
A4: 2026-Q2 | B4: 46113 | C4: 46203 | D4: =SUMIFS(Monthly_Agg!$E:$E,Monthly_Agg!$A:$A,">="&Settings!$B$4,Monthly_Agg!$A:$A,"<="&$C4) | E4: =COUNTIFS(Raw_Events!$G:$G,"PRO_CONTACT_ADDED",Raw_Events!$C:$C,">="&Settings!B4,Raw_Events!$C:$C,"<="&$C4) | F4: =COUNTIFS(Raw_Events!$G:$G,"INITIATIVE_PRESENTED_VP",Raw_Events!$C:$C,">="&Settings!B4,Raw_Events!$C:$C,"<="&$C4) | G4: =COUNTIFS(Raw_Events!$G:$G,"STAKEHOLDER_CHAT",Raw_Events!$C:$C,">="&$B4,Raw_Events!$C:$C,"<="&$C4) | H4: =COUNTIFS(Raw_Events!$G:$G,"MEMO_WRITTEN",Raw_Events!$C:$C,">="&$B4,Raw_Events!$C:$C,"<="&$C4) | I4: =COUNTIFS(Raw_Events!$G:$G,"BOOK_FINISHED",Raw_Events!$C:$C,">="&Settings!B4,Raw_Events!$C:$C,"<="&$C4) | J4: =SUMIFS(Monthly_Agg!$F:$F,Monthly_Agg!$A:$A,">="&Settings!$B$4,Monthly_Agg!$A:$A,"<="&$C4) | K4: =SUMIFS(Monthly_Agg!$G:$G,Monthly_Agg!$A:$A,">="&Settings!$B$4,Monthly_Agg!$A:$A,"<="&$C4) | L4: =SUMIFS(Monthly_Agg!$H:$H,Monthly_Agg!$A:$A,">="&Settings!$B$4,Monthly_Agg!$A:$A,"<="&$C4) | M4: =SUMIFS(Monthly_Agg!$B:$B,Monthly_Agg!$A:$A,">="&Settings!$B$4,Monthly_Agg!$A:$A,"<="&$C4) | N4: =SUMIFS(Monthly_Agg!$C:$C,Monthly_Agg!$A:$A,">="&Settings!$B$4,Monthly_Agg!$A:$A,"<="&$C4)
A5: 2026-Q3 | B5: 46204 | C5: 46295 | D5: =SUMIFS(Monthly_Agg!$E:$E,Monthly_Agg!$A:$A,">="&Settings!$B$4,Monthly_Agg!$A:$A,"<="&$C5) | E5: =COUNTIFS(Raw_Events!$G:$G,"PRO_CONTACT_ADDED",Raw_Events!$C:$C,">="&Settings!B4,Raw_Events!$C:$C,"<="&$C5) | F5: =COUNTIFS(Raw_Events!$G:$G,"INITIATIVE_PRESENTED_VP",Raw_Events!$C:$C,">="&Settings!B4,Raw_Events!$C:$C,"<="&$C5) | G5: =COUNTIFS(Raw_Events!$G:$G,"STAKEHOLDER_CHAT",Raw_Events!$C:$C,">="&$B5,Raw_Events!$C:$C,"<="&$C5) | H5: =COUNTIFS(Raw_Events!$G:$G,"MEMO_WRITTEN",Raw_Events!$C:$C,">="&$B5,Raw_Events!$C:$C,"<="&$C5) | I5: =COUNTIFS(Raw_Events!$G:$G,"BOOK_FINISHED",Raw_Events!$C:$C,">="&Settings!B4,Raw_Events!$C:$C,"<="&$C5) | J5: =SUMIFS(Monthly_Agg!$F:$F,Monthly_Agg!$A:$A,">="&Settings!$B$4,Monthly_Agg!$A:$A,"<="&$C5) | K5: =SUMIFS(Monthly_Agg!$G:$G,Monthly_Agg!$A:$A,">="&Settings!$B$4,Monthly_Agg!$A:$A,"<="&$C5) | L5: =SUMIFS(Monthly_Agg!$H:$H,Monthly_Agg!$A:$A,">="&Settings!$B$4,Monthly_Agg!$A:$A,"<="&$C5) | M5: =SUMIFS(Monthly_Agg!$B:$B,Monthly_Agg!$A:$A,">="&Settings!$B$4,Monthly_Agg!$A:$A,"<="&$C5) | N5: =SUMIFS(Monthly_Agg!$C:$C,Monthly_Agg!$A:$A,">="&Settings!$B$4,Monthly_Agg!$A:$A,"<="&$C5)
A6: 2026-Q4 | B6: 46296 | C6: 46387 | D6: =SUMIFS(Monthly_Agg!$E:$E,Monthly_Agg!$A:$A,">="&Settings!$B$4,Monthly_Agg!$A:$A,"<="&$C6) | E6: =COUNTIFS(Raw_Events!$G:$G,"PRO_CONTACT_ADDED",Raw_Events!$C:$C,">="&Settings!B4,Raw_Events!$C:$C,"<="&$C6) | F6: =COUNTIFS(Raw_Events!$G:$G,"INITIATIVE_PRESENTED_VP",Raw_Events!$C:$C,">="&Settings!B4,Raw_Events!$C:$C,"<="&$C6) | G6: =COUNTIFS(Raw_Events!$G:$G,"STAKEHOLDER_CHAT",Raw_Events!$C:$C,">="&$B6,Raw_Events!$C:$C,"<="&$C6) | H6: =COUNTIFS(Raw_Events!$G:$G,"MEMO_WRITTEN",Raw_Events!$C:$C,">="&$B6,Raw_Events!$C:$C,"<="&$C6) | I6: =COUNTIFS(Raw_Events!$G:$G,"BOOK_FINISHED",Raw_Events!$C:$C,">="&Settings!B4,Raw_Events!$C:$C,"<="&$C6) | J6: =SUMIFS(Monthly_Agg!$F:$F,Monthly_Agg!$A:$A,">="&Settings!$B$4,Monthly_Agg!$A:$A,"<="&$C6) | K6: =SUMIFS(Monthly_Agg!$G:$G,Monthly_Agg!$A:$A,">="&Settings!$B$4,Monthly_Agg!$A:$A,"<="&$C6) | L6: =SUMIFS(Monthly_Agg!$H:$H,Monthly_Agg!$A:$A,">="&Settings!$B$4,Monthly_Agg!$A:$A,"<="&$C6) | M6: =SUMIFS(Monthly_Agg!$B:$B,Monthly_Agg!$A:$A,">="&Settings!$B$4,Monthly_Agg!$A:$A,"<="&$C6) | N6: =SUMIFS(Monthly_Agg!$C:$C,Monthly_Agg!$A:$A,">="&Settings!$B$4,Monthly_Agg!$A:$A,"<="&$C6)

Sheet Dashboard
A1: Dashboard (weekly review)
A3: As-of date | B3: =Settings!B7 | D3: YTD Expenses (personal) | E3: =IFERROR(VLOOKUP($B$6,$A$15:$G$200,3,FALSE),0) | F3: Target to date | G3: =Settings!C11*B5 | H3: Pace (Actual/Target) | I3: =IF(G3=0,"",E3/G3) | J3: Rel start date | K3: =IFERROR(MAXIFS(Raw_Events!$C:$C,Raw_Events!$G:$G,"RELATIONSHIP_START",Raw_Events!$C:$C,">="&Settings!$B$4,Raw_Events!$C:$C,"<="&Settings!$B$7),"")
A4: Days elapsed | B4: =B3-Settings!B4+1 | D4: YTD Cigarettes | E4: =IFERROR(VLOOKUP($B$6,$A$15:$G$200,6,FALSE),0) | F4: Target to date | G4: =Settings!$C$20*B5 | H4: Remaining | I4: =Settings!C20-E4 | J4: Rel end date | K4: =IF($K$3="","",IFERROR(MINIFS(Raw_Events!$C:$C,Raw_Events!$G:$G,"RELATIONSHIP_END",Raw_Events!$C:$C,">"&$K$3,Raw_Events!$C:$C,"<="&Settings!$B$7),""))
A5: % of year | B5: =B4/Settings!B6 | D5: Alcohol avg (std/day) | E5: =IF(B4=0,"",SUMIFS(Weekly_Agg!$P:$P,Weekly_Agg!$A:$A,">="&Settings!B4,Weekly_Agg!$A:$A,"<="&$B$6)/B4) | F5: Cap | G5: =Settings!$C$19 | H5: Over? | I5: =IF(E5>G5,1,0) | J5: Rel duration (days) | K5: =IF($K$3="","",IF($K$4="",Settings!$B$7-$K$3+1,$K$4-$K$3+1)) | L5: Target | M5: 90
A6: As-of week start | B6: =B3-WEEKDAY(B3,2)+1 | D6: This week: mindfulness min | E6: =IFERROR(VLOOKUP($B$6,Weekly_Agg!$A:$W,13,FALSE),"") | F6: Target | G6: =Settings!$C$15 | J6: Rel >3 months? | K6: =IF($K$5="","",IF($K$5>=90,1,0))
D7: Net worth (RUB) latest | E7: =IFERROR(VLOOKUP($B$6,Raw_Weekly!$A:$G,5,FALSE),"") | F7: Target | G7: =Settings!$C$16
D8: Training hours YTD | E8: =SUMIFS(Weekly_Agg!$K:$K,Weekly_Agg!$A:$A,">="&Settings!B4,Weekly_Agg!$A:$A,"<="&$B$6)/60 | F8: Annual target | G8: =Settings!$C$25
D9: Ideas YTD | E9: =SUMIFS(Weekly_Agg!$L:$L,Weekly_Agg!$A:$A,">="&Settings!B4,Weekly_Agg!$A:$A,"<="&$B$6) | F9: Annual target | G9: =Settings!$C$33
D10: People met 2+ times (social) | E10: =COUNTIFS(People!$C$3:$C$500,"Social",People!$F$3:$F$500,">=2") | F10: Target | G10: =Settings!$C$35
D11: People met 5+ times (social) | E11: =COUNTIFS(People!$C$3:$C$500,"Social",People!$F$3:$F$500,">=5") | F11: Target | G11: =Settings!$C$36
D12: New pro contacts (unique) YTD | E12: =COUNTIFS(People!$C$3:$C$500,"Pro",People!$I$3:$I$500,">=1") | F12: Target | G12: =Settings!$C$26
D13: New sex partners YTD | E13: =COUNTIFS(People!$C$3:$C$500,"Romance",People!$H$3:$H$500,">=1") | F13: Target | G13: =Settings!$C$38
A14: WeekStart | B14: WeekExpense | C14: CumExpenses | D14: TargetCumExpenses | E14: WeekCigarettes | F14: CumCigarettes | G14: TargetCumCigs | H14: WeekAlcoholStd | I14: CumAlcoholStd | J14: TargetCumAlcoholStd | K14: WeekIdeas | L14: CumIdeas | M14: TargetCumIdeas | N14: WeekExpenseCap | O14: WeekIdeasTarget
A15: 46027 | B15: =IFERROR(VLOOKUP($A15,Weekly_Agg!$A:$W,3,FALSE),0) | C15: =B15 | D15: =Settings!$C$11*($A15-Settings!B4+1)/Settings!B6 | E15: =IFERROR(VLOOKUP($A15,Weekly_Agg!$A:$W,17,FALSE),0) | F15: =E15 | G15: =Settings!$C$20*($A15-Settings!B4+1)/Settings!B6 | H15: =IFERROR(VLOOKUP($A15,Weekly_Agg!$A:$W,16,FALSE),0) | I15: =H15 | J15: =Settings!$C$19*($A15-Settings!B4+1) | K15: =IFERROR(VLOOKUP($A15,Weekly_Agg!$A:$W,12,FALSE),0) | L15: =K15 | M15: =Settings!$C$33*($A15-Settings!B4+1)/Settings!B6 | N15: =Settings!$C$12 | O15: =Settings!$C$34
A16: 46034 | B16: =IFERROR(VLOOKUP($A16,Weekly_Agg!$A:$W,3,FALSE),0) | C16: =C15+B16 | D16: =Settings!$C$11*($A16-Settings!B4+1)/Settings!B6 | E16: =IFERROR(VLOOKUP($A16,Weekly_Agg!$A:$W,17,FALSE),0) | F16: =F15+E16 | G16: =Settings!$C$20*($A16-Settings!B4+1)/Settings!B6 | H16: =IFERROR(VLOOKUP($A16,Weekly_Agg!$A:$W,16,FALSE),0) | I16: =I15+H16 | J16: =Settings!$C$19*($A16-Settings!B4+1) | K16: =IFERROR(VLOOKUP($A16,Weekly_Agg!$A:$W,12,FALSE),0) | L16: =L15+K16 | M16: =Settings!$C$33*($A16-Settings!B4+1)/Settings!B6 | N16: =Settings!$C$12 | O16: =Settings!$C$34
A17: 46041 | B17: =IFERROR(VLOOKUP($A17,Weekly_Agg!$A:$W,3,FALSE),0) | C17: =C16+B17 | D17: =Settings!$C$11*($A17-Settings!B4+1)/Settings!B6 | E17: =IFERROR(VLOOKUP($A17,Weekly_Agg!$A:$W,17,FALSE),0) | F17: =F16+E17 | G17: =Settings!$C$20*($A17-Settings!B4+1)/Settings!B6 | H17: =IFERROR(VLOOKUP($A17,Weekly_Agg!$A:$W,16,FALSE),0) | I17: =I16+H17 | J17: =Settings!$C$19*($A17-Settings!B4+1) | K17: =IFERROR(VLOOKUP($A17,Weekly_Agg!$A:$W,12,FALSE),0) | L17: =L16+K17 | M17: =Settings!$C$33*($A17-Settings!B4+1)/Settings!B6 | N17: =Settings!$C$12 | O17: =Settings!$C$34
A18: 46048 | B18: =IFERROR(VLOOKUP($A18,Weekly_Agg!$A:$W,3,FALSE),0) | C18: =C17+B18 | D18: =Settings!$C$11*($A18-Settings!B4+1)/Settings!B6 | E18: =IFERROR(VLOOKUP($A18,Weekly_Agg!$A:$W,17,FALSE),0) | F18: =F17+E18 | G18: =Settings!$C$20*($A18-Settings!B4+1)/Settings!B6 | H18: =IFERROR(VLOOKUP($A18,Weekly_Agg!$A:$W,16,FALSE),0) | I18: =I17+H18 | J18: =Settings!$C$19*($A18-Settings!B4+1) | K18: =IFERROR(VLOOKUP($A18,Weekly_Agg!$A:$W,12,FALSE),0) | L18: =L17+K18 | M18: =Settings!$C$33*($A18-Settings!B4+1)/Settings!B6 | N18: =Settings!$C$12 | O18: =Settings!$C$34
A19: 46055 | B19: =IFERROR(VLOOKUP($A19,Weekly_Agg!$A:$W,3,FALSE),0) | C19: =C18+B19 | D19: =Settings!$C$11*($A19-Settings!B4+1)/Settings!B6 | E19: =IFERROR(VLOOKUP($A19,Weekly_Agg!$A:$W,17,FALSE),0) | F19: =F18+E19 | G19: =Settings!$C$20*($A19-Settings!B4+1)/Settings!B6 | H19: =IFERROR(VLOOKUP($A19,Weekly_Agg!$A:$W,16,FALSE),0) | I19: =I18+H19 | J19: =Settings!$C$19*($A19-Settings!B4+1) | K19: =IFERROR(VLOOKUP($A19,Weekly_Agg!$A:$W,12,FALSE),0) | L19: =L18+K19 | M19: =Settings!$C$33*($A19-Settings!B4+1)/Settings!B6 | N19: =Settings!$C$12 | O19: =Settings!$C$34
A20: 46062 | B20: =IFERROR(VLOOKUP($A20,Weekly_Agg!$A:$W,3,FALSE),0) | C20: =C19+B20 | D20: =Settings!$C$11*($A20-Settings!B4+1)/Settings!B6 | E20: =IFERROR(VLOOKUP($A20,Weekly_Agg!$A:$W,17,FALSE),0) | F20: =F19+E20 | G20: =Settings!$C$20*($A20-Settings!B4+1)/Settings!B6 | H20: =IFERROR(VLOOKUP($A20,Weekly_Agg!$A:$W,16,FALSE),0) | I20: =I19+H20 | J20: =Settings!$C$19*($A20-Settings!B4+1) | K20: =IFERROR(VLOOKUP($A20,Weekly_Agg!$A:$W,12,FALSE),0) | L20: =L19+K20 | M20: =Settings!$C$33*($A20-Settings!B4+1)/Settings!B6 | N20: =Settings!$C$12 | O20: =Settings!$C$34
A21: 46069 | B21: =IFERROR(VLOOKUP($A21,Weekly_Agg!$A:$W,3,FALSE),0) | C21: =C20+B21 | D21: =Settings!$C$11*($A21-Settings!B4+1)/Settings!B6 | E21: =IFERROR(VLOOKUP($A21,Weekly_Agg!$A:$W,17,FALSE),0) | F21: =F20+E21 | G21: =Settings!$C$20*($A21-Settings!B4+1)/Settings!B6 | H21: =IFERROR(VLOOKUP($A21,Weekly_Agg!$A:$W,16,FALSE),0) | I21: =I20+H21 | J21: =Settings!$C$19*($A21-Settings!B4+1) | K21: =IFERROR(VLOOKUP($A21,Weekly_Agg!$A:$W,12,FALSE),0) | L21: =L20+K21 | M21: =Settings!$C$33*($A21-Settings!B4+1)/Settings!B6 | N21: =Settings!$C$12 | O21: =Settings!$C$34
A22: 46076 | B22: =IFERROR(VLOOKUP($A22,Weekly_Agg!$A:$W,3,FALSE),0) | C22: =C21+B22 | D22: =Settings!$C$11*($A22-Settings!B4+1)/Settings!B6 | E22: =IFERROR(VLOOKUP($A22,Weekly_Agg!$A:$W,17,FALSE),0) | F22: =F21+E22 | G22: =Settings!$C$20*($A22-Settings!B4+1)/Settings!B6 | H22: =IFERROR(VLOOKUP($A22,Weekly_Agg!$A:$W,16,FALSE),0) | I22: =I21+H22 | J22: =Settings!$C$19*($A22-Settings!B4+1) | K22: =IFERROR(VLOOKUP($A22,Weekly_Agg!$A:$W,12,FALSE),0) | L22: =L21+K22 | M22: =Settings!$C$33*($A22-Settings!B4+1)/Settings!B6 | N22: =Settings!$C$12 | O22: =Settings!$C$34
A23: 46083 | B23: =IFERROR(VLOOKUP($A23,Weekly_Agg!$A:$W,3,FALSE),0) | C23: =C22+B23 | D23: =Settings!$C$11*($A23-Settings!B4+1)/Settings!B6 | E23: =IFERROR(VLOOKUP($A23,Weekly_Agg!$A:$W,17,FALSE),0) | F23: =F22+E23 | G23: =Settings!$C$20*($A23-Settings!B4+1)/Settings!B6 | H23: =IFERROR(VLOOKUP($A23,Weekly_Agg!$A:$W,16,FALSE),0) | I23: =I22+H23 | J23: =Settings!$C$19*($A23-Settings!B4+1) | K23: =IFERROR(VLOOKUP($A23,Weekly_Agg!$A:$W,12,FALSE),0) | L23: =L22+K23 | M23: =Settings!$C$33*($A23-Settings!B4+1)/Settings!B6 | N23: =Settings!$C$12 | O23: =Settings!$C$34
A24: 46090 | B24: =IFERROR(VLOOKUP($A24,Weekly_Agg!$A:$W,3,FALSE),0) | C24: =C23+B24 | D24: =Settings!$C$11*($A24-Settings!B4+1)/Settings!B6 | E24: =IFERROR(VLOOKUP($A24,Weekly_Agg!$A:$W,17,FALSE),0) | F24: =F23+E24 | G24: =Settings!$C$20*($A24-Settings!B4+1)/Settings!B6 | H24: =IFERROR(VLOOKUP($A24,Weekly_Agg!$A:$W,16,FALSE),0) | I24: =I23+H24 | J24: =Settings!$C$19*($A24-Settings!B4+1) | K24: =IFERROR(VLOOKUP($A24,Weekly_Agg!$A:$W,12,FALSE),0) | L24: =L23+K24 | M24: =Settings!$C$33*($A24-Settings!B4+1)/Settings!B6 | N24: =Settings!$C$12 | O24: =Settings!$C$34
A25: 46097 | B25: =IFERROR(VLOOKUP($A25,Weekly_Agg!$A:$W,3,FALSE),0) | C25: =C24+B25 | D25: =Settings!$C$11*($A25-Settings!B4+1)/Settings!B6 | E25: =IFERROR(VLOOKUP($A25,Weekly_Agg!$A:$W,17,FALSE),0) | F25: =F24+E25 | G25: =Settings!$C$20*($A25-Settings!B4+1)/Settings!B6 | H25: =IFERROR(VLOOKUP($A25,Weekly_Agg!$A:$W,16,FALSE),0) | I25: =I24+H25 | J25: =Settings!$C$19*($A25-Settings!B4+1) | K25: =IFERROR(VLOOKUP($A25,Weekly_Agg!$A:$W,12,FALSE),0) | L25: =L24+K25 | M25: =Settings!$C$33*($A25-Settings!B4+1)/Settings!B6 | N25: =Settings!$C$12 | O25: =Settings!$C$34
A26: 46104 | B26: =IFERROR(VLOOKUP($A26,Weekly_Agg!$A:$W,3,FALSE),0) | C26: =C25+B26 | D26: =Settings!$C$11*($A26-Settings!B4+1)/Settings!B6 | E26: =IFERROR(VLOOKUP($A26,Weekly_Agg!$A:$W,17,FALSE),0) | F26: =F25+E26 | G26: =Settings!$C$20*($A26-Settings!B4+1)/Settings!B6 | H26: =IFERROR(VLOOKUP($A26,Weekly_Agg!$A:$W,16,FALSE),0) | I26: =I25+H26 | J26: =Settings!$C$19*($A26-Settings!B4+1) | K26: =IFERROR(VLOOKUP($A26,Weekly_Agg!$A:$W,12,FALSE),0) | L26: =L25+K26 | M26: =Settings!$C$33*($A26-Settings!B4+1)/Settings!B6 | N26: =Settings!$C$12 | O26: =Settings!$C$34
A27: 46111 | B27: =IFERROR(VLOOKUP($A27,Weekly_Agg!$A:$W,3,FALSE),0) | C27: =C26+B27 | D27: =Settings!$C$11*($A27-Settings!B4+1)/Settings!B6 | E27: =IFERROR(VLOOKUP($A27,Weekly_Agg!$A:$W,17,FALSE),0) | F27: =F26+E27 | G27: =Settings!$C$20*($A27-Settings!B4+1)/Settings!B6 | H27: =IFERROR(VLOOKUP($A27,Weekly_Agg!$A:$W,16,FALSE),0) | I27: =I26+H27 | J27: =Settings!$C$19*($A27-Settings!B4+1) | K27: =IFERROR(VLOOKUP($A27,Weekly_Agg!$A:$W,12,FALSE),0) | L27: =L26+K27 | M27: =Settings!$C$33*($A27-Settings!B4+1)/Settings!B6 | N27: =Settings!$C$12 | O27: =Settings!$C$34
A28: 46118 | B28: =IFERROR(VLOOKUP($A28,Weekly_Agg!$A:$W,3,FALSE),0) | C28: =C27+B28 | D28: =Settings!$C$11*($A28-Settings!B4+1)/Settings!B6 | E28: =IFERROR(VLOOKUP($A28,Weekly_Agg!$A:$W,17,FALSE),0) | F28: =F27+E28 | G28: =Settings!$C$20*($A28-Settings!B4+1)/Settings!B6 | H28: =IFERROR(VLOOKUP($A28,Weekly_Agg!$A:$W,16,FALSE),0) | I28: =I27+H28 | J28: =Settings!$C$19*($A28-Settings!B4+1) | K28: =IFERROR(VLOOKUP($A28,Weekly_Agg!$A:$W,12,FALSE),0) | L28: =L27+K28 | M28: =Settings!$C$33*($A28-Settings!B4+1)/Settings!B6 | N28: =Settings!$C$12 | O28: =Settings!$C$34
A29: 46125 | B29: =IFERROR(VLOOKUP($A29,Weekly_Agg!$A:$W,3,FALSE),0) | C29: =C28+B29 | D29: =Settings!$C$11*($A29-Settings!B4+1)/Settings!B6 | E29: =IFERROR(VLOOKUP($A29,Weekly_Agg!$A:$W,17,FALSE),0) | F29: =F28+E29 | G29: =Settings!$C$20*($A29-Settings!B4+1)/Settings!B6 | H29: =IFERROR(VLOOKUP($A29,Weekly_Agg!$A:$W,16,FALSE),0) | I29: =I28+H29 | J29: =Settings!$C$19*($A29-Settings!B4+1) | K29: =IFERROR(VLOOKUP($A29,Weekly_Agg!$A:$W,12,FALSE),0) | L29: =L28+K29 | M29: =Settings!$C$33*($A29-Settings!B4+1)/Settings!B6 | N29: =Settings!$C$12 | O29: =Settings!$C$34
A30: 46132 | B30: =IFERROR(VLOOKUP($A30,Weekly_Agg!$A:$W,3,FALSE),0) | C30: =C29+B30 | D30: =Settings!$C$11*($A30-Settings!B4+1)/Settings!B6 | E30: =IFERROR(VLOOKUP($A30,Weekly_Agg!$A:$W,17,FALSE),0) | F30: =F29+E30 | G30: =Settings!$C$20*($A30-Settings!B4+1)/Settings!B6 | H30: =IFERROR(VLOOKUP($A30,Weekly_Agg!$A:$W,16,FALSE),0) | I30: =I29+H30 | J30: =Settings!$C$19*($A30-Settings!B4+1) | K30: =IFERROR(VLOOKUP($A30,Weekly_Agg!$A:$W,12,FALSE),0) | L30: =L29+K30 | M30: =Settings!$C$33*($A30-Settings!B4+1)/Settings!B6 | N30: =Settings!$C$12 | O30: =Settings!$C$34
A31: 46139 | B31: =IFERROR(VLOOKUP($A31,Weekly_Agg!$A:$W,3,FALSE),0) | C31: =C30+B31 | D31: =Settings!$C$11*($A31-Settings!B4+1)/Settings!B6 | E31: =IFERROR(VLOOKUP($A31,Weekly_Agg!$A:$W,17,FALSE),0) | F31: =F30+E31 | G31: =Settings!$C$20*($A31-Settings!B4+1)/Settings!B6 | H31: =IFERROR(VLOOKUP($A31,Weekly_Agg!$A:$W,16,FALSE),0) | I31: =I30+H31 | J31: =Settings!$C$19*($A31-Settings!B4+1) | K31: =IFERROR(VLOOKUP($A31,Weekly_Agg!$A:$W,12,FALSE),0) | L31: =L30+K31 | M31: =Settings!$C$33*($A31-Settings!B4+1)/Settings!B6 | N31: =Settings!$C$12 | O31: =Settings!$C$34
A32: 46146 | B32: =IFERROR(VLOOKUP($A32,Weekly_Agg!$A:$W,3,FALSE),0) | C32: =C31+B32 | D32: =Settings!$C$11*($A32-Settings!B4+1)/Settings!B6 | E32: =IFERROR(VLOOKUP($A32,Weekly_Agg!$A:$W,17,FALSE),0) | F32: =F31+E32 | G32: =Settings!$C$20*($A32-Settings!B4+1)/Settings!B6 | H32: =IFERROR(VLOOKUP($A32,Weekly_Agg!$A:$W,16,FALSE),0) | I32: =I31+H32 | J32: =Settings!$C$19*($A32-Settings!B4+1) | K32: =IFERROR(VLOOKUP($A32,Weekly_Agg!$A:$W,12,FALSE),0) | L32: =L31+K32 | M32: =Settings!$C$33*($A32-Settings!B4+1)/Settings!B6 | N32: =Settings!$C$12 | O32: =Settings!$C$34
A33: 46153 | B33: =IFERROR(VLOOKUP($A33,Weekly_Agg!$A:$W,3,FALSE),0) | C33: =C32+B33 | D33: =Settings!$C$11*($A33-Settings!B4+1)/Settings!B6 | E33: =IFERROR(VLOOKUP($A33,Weekly_Agg!$A:$W,17,FALSE),0) | F33: =F32+E33 | G33: =Settings!$C$20*($A33-Settings!B4+1)/Settings!B6 | H33: =IFERROR(VLOOKUP($A33,Weekly_Agg!$A:$W,16,FALSE),0) | I33: =I32+H33 | J33: =Settings!$C$19*($A33-Settings!B4+1) | K33: =IFERROR(VLOOKUP($A33,Weekly_Agg!$A:$W,12,FALSE),0) | L33: =L32+K33 | M33: =Settings!$C$33*($A33-Settings!B4+1)/Settings!B6 | N33: =Settings!$C$12 | O33: =Settings!$C$34
A34: 46160 | B34: =IFERROR(VLOOKUP($A34,Weekly_Agg!$A:$W,3,FALSE),0) | C34: =C33+B34 | D34: =Settings!$C$11*($A34-Settings!B4+1)/Settings!B6 | E34: =IFERROR(VLOOKUP($A34,Weekly_Agg!$A:$W,17,FALSE),0) | F34: =F33+E34 | G34: =Settings!$C$20*($A34-Settings!B4+1)/Settings!B6 | H34: =IFERROR(VLOOKUP($A34,Weekly_Agg!$A:$W,16,FALSE),0) | I34: =I33+H34 | J34: =Settings!$C$19*($A34-Settings!B4+1) | K34: =IFERROR(VLOOKUP($A34,Weekly_Agg!$A:$W,12,FALSE),0) | L34: =L33+K34 | M34: =Settings!$C$33*($A34-Settings!B4+1)/Settings!B6 | N34: =Settings!$C$12 | O34: =Settings!$C$34
A35: 46167 | B35: =IFERROR(VLOOKUP($A35,Weekly_Agg!$A:$W,3,FALSE),0) | C35: =C34+B35 | D35: =Settings!$C$11*($A35-Settings!B4+1)/Settings!B6 | E35: =IFERROR(VLOOKUP($A35,Weekly_Agg!$A:$W,17,FALSE),0) | F35: =F34+E35 | G35: =Settings!$C$20*($A35-Settings!B4+1)/Settings!B6 | H35: =IFERROR(VLOOKUP($A35,Weekly_Agg!$A:$W,16,FALSE),0) | I35: =I34+H35 | J35: =Settings!$C$19*($A35-Settings!B4+1) | K35: =IFERROR(VLOOKUP($A35,Weekly_Agg!$A:$W,12,FALSE),0) | L35: =L34+K35 | M35: =Settings!$C$33*($A35-Settings!B4+1)/Settings!B6 | N35: =Settings!$C$12 | O35: =Settings!$C$34
A36: 46174 | B36: =IFERROR(VLOOKUP($A36,Weekly_Agg!$A:$W,3,FALSE),0) | C36: =C35+B36 | D36: =Settings!$C$11*($A36-Settings!B4+1)/Settings!B6 | E36: =IFERROR(VLOOKUP($A36,Weekly_Agg!$A:$W,17,FALSE),0) | F36: =F35+E36 | G36: =Settings!$C$20*($A36-Settings!B4+1)/Settings!B6 | H36: =IFERROR(VLOOKUP($A36,Weekly_Agg!$A:$W,16,FALSE),0) | I36: =I35+H36 | J36: =Settings!$C$19*($A36-Settings!B4+1) | K36: =IFERROR(VLOOKUP($A36,Weekly_Agg!$A:$W,12,FALSE),0) | L36: =L35+K36 | M36: =Settings!$C$33*($A36-Settings!B4+1)/Settings!B6 | N36: =Settings!$C$12 | O36: =Settings!$C$34
A37: 46181 | B37: =IFERROR(VLOOKUP($A37,Weekly_Agg!$A:$W,3,FALSE),0) | C37: =C36+B37 | D37: =Settings!$C$11*($A37-Settings!B4+1)/Settings!B6 | E37: =IFERROR(VLOOKUP($A37,Weekly_Agg!$A:$W,17,FALSE),0) | F37: =F36+E37 | G37: =Settings!$C$20*($A37-Settings!B4+1)/Settings!B6 | H37: =IFERROR(VLOOKUP($A37,Weekly_Agg!$A:$W,16,FALSE),0) | I37: =I36+H37 | J37: =Settings!$C$19*($A37-Settings!B4+1) | K37: =IFERROR(VLOOKUP($A37,Weekly_Agg!$A:$W,12,FALSE),0) | L37: =L36+K37 | M37: =Settings!$C$33*($A37-Settings!B4+1)/Settings!B6 | N37: =Settings!$C$12 | O37: =Settings!$C$34
A38: 46188 | B38: =IFERROR(VLOOKUP($A38,Weekly_Agg!$A:$W,3,FALSE),0) | C38: =C37+B38 | D38: =Settings!$C$11*($A38-Settings!B4+1)/Settings!B6 | E38: =IFERROR(VLOOKUP($A38,Weekly_Agg!$A:$W,17,FALSE),0) | F38: =F37+E38 | G38: =Settings!$C$20*($A38-Settings!B4+1)/Settings!B6 | H38: =IFERROR(VLOOKUP($A38,Weekly_Agg!$A:$W,16,FALSE),0) | I38: =I37+H38 | J38: =Settings!$C$19*($A38-Settings!B4+1) | K38: =IFERROR(VLOOKUP($A38,Weekly_Agg!$A:$W,12,FALSE),0) | L38: =L37+K38 | M38: =Settings!$C$33*($A38-Settings!B4+1)/Settings!B6 | N38: =Settings!$C$12 | O38: =Settings!$C$34
A39: 46195 | B39: =IFERROR(VLOOKUP($A39,Weekly_Agg!$A:$W,3,FALSE),0) | C39: =C38+B39 | D39: =Settings!$C$11*($A39-Settings!B4+1)/Settings!B6 | E39: =IFERROR(VLOOKUP($A39,Weekly_Agg!$A:$W,17,FALSE),0) | F39: =F38+E39 | G39: =Settings!$C$20*($A39-Settings!B4+1)/Settings!B6 | H39: =IFERROR(VLOOKUP($A39,Weekly_Agg!$A:$W,16,FALSE),0) | I39: =I38+H39 | J39: =Settings!$C$19*($A39-Settings!B4+1) | K39: =IFERROR(VLOOKUP($A39,Weekly_Agg!$A:$W,12,FALSE),0) | L39: =L38+K39 | M39: =Settings!$C$33*($A39-Settings!B4+1)/Settings!B6 | N39: =Settings!$C$12 | O39: =Settings!$C$34
A40: 46202 | B40: =IFERROR(VLOOKUP($A40,Weekly_Agg!$A:$W,3,FALSE),0) | C40: =C39+B40 | D40: =Settings!$C$11*($A40-Settings!B4+1)/Settings!B6 | E40: =IFERROR(VLOOKUP($A40,Weekly_Agg!$A:$W,17,FALSE),0) | F40: =F39+E40 | G40: =Settings!$C$20*($A40-Settings!B4+1)/Settings!B6 | H40: =IFERROR(VLOOKUP($A40,Weekly_Agg!$A:$W,16,FALSE),0) | I40: =I39+H40 | J40: =Settings!$C$19*($A40-Settings!B4+1) | K40: =IFERROR(VLOOKUP($A40,Weekly_Agg!$A:$W,12,FALSE),0) | L40: =L39+K40 | M40: =Settings!$C$33*($A40-Settings!B4+1)/Settings!B6 | N40: =Settings!$C$12 | O40: =Settings!$C$34
A41: 46209 | B41: =IFERROR(VLOOKUP($A41,Weekly_Agg!$A:$W,3,FALSE),0) | C41: =C40+B41 | D41: =Settings!$C$11*($A41-Settings!B4+1)/Settings!B6 | E41: =IFERROR(VLOOKUP($A41,Weekly_Agg!$A:$W,17,FALSE),0) | F41: =F40+E41 | G41: =Settings!$C$20*($A41-Settings!B4+1)/Settings!B6 | H41: =IFERROR(VLOOKUP($A41,Weekly_Agg!$A:$W,16,FALSE),0) | I41: =I40+H41 | J41: =Settings!$C$19*($A41-Settings!B4+1) | K41: =IFERROR(VLOOKUP($A41,Weekly_Agg!$A:$W,12,FALSE),0) | L41: =L40+K41 | M41: =Settings!$C$33*($A41-Settings!B4+1)/Settings!B6 | N41: =Settings!$C$12 | O41: =Settings!$C$34
A42: 46216 | B42: =IFERROR(VLOOKUP($A42,Weekly_Agg!$A:$W,3,FALSE),0) | C42: =C41+B42 | D42: =Settings!$C$11*($A42-Settings!B4+1)/Settings!B6 | E42: =IFERROR(VLOOKUP($A42,Weekly_Agg!$A:$W,17,FALSE),0) | F42: =F41+E42 | G42: =Settings!$C$20*($A42-Settings!B4+1)/Settings!B6 | H42: =IFERROR(VLOOKUP($A42,Weekly_Agg!$A:$W,16,FALSE),0) | I42: =I41+H42 | J42: =Settings!$C$19*($A42-Settings!B4+1) | K42: =IFERROR(VLOOKUP($A42,Weekly_Agg!$A:$W,12,FALSE),0) | L42: =L41+K42 | M42: =Settings!$C$33*($A42-Settings!B4+1)/Settings!B6 | N42: =Settings!$C$12 | O42: =Settings!$C$34
A43: 46223 | B43: =IFERROR(VLOOKUP($A43,Weekly_Agg!$A:$W,3,FALSE),0) | C43: =C42+B43 | D43: =Settings!$C$11*($A43-Settings!B4+1)/Settings!B6 | E43: =IFERROR(VLOOKUP($A43,Weekly_Agg!$A:$W,17,FALSE),0) | F43: =F42+E43 | G43: =Settings!$C$20*($A43-Settings!B4+1)/Settings!B6 | H43: =IFERROR(VLOOKUP($A43,Weekly_Agg!$A:$W,16,FALSE),0) | I43: =I42+H43 | J43: =Settings!$C$19*($A43-Settings!B4+1) | K43: =IFERROR(VLOOKUP($A43,Weekly_Agg!$A:$W,12,FALSE),0) | L43: =L42+K43 | M43: =Settings!$C$33*($A43-Settings!B4+1)/Settings!B6 | N43: =Settings!$C$12 | O43: =Settings!$C$34
A44: 46230 | B44: =IFERROR(VLOOKUP($A44,Weekly_Agg!$A:$W,3,FALSE),0) | C44: =C43+B44 | D44: =Settings!$C$11*($A44-Settings!B4+1)/Settings!B6 | E44: =IFERROR(VLOOKUP($A44,Weekly_Agg!$A:$W,17,FALSE),0) | F44: =F43+E44 | G44: =Settings!$C$20*($A44-Settings!B4+1)/Settings!B6 | H44: =IFERROR(VLOOKUP($A44,Weekly_Agg!$A:$W,16,FALSE),0) | I44: =I43+H44 | J44: =Settings!$C$19*($A44-Settings!B4+1) | K44: =IFERROR(VLOOKUP($A44,Weekly_Agg!$A:$W,12,FALSE),0) | L44: =L43+K44 | M44: =Settings!$C$33*($A44-Settings!B4+1)/Settings!B6 | N44: =Settings!$C$12 | O44: =Settings!$C$34
A45: 46237 | B45: =IFERROR(VLOOKUP($A45,Weekly_Agg!$A:$W,3,FALSE),0) | C45: =C44+B45 | D45: =Settings!$C$11*($A45-Settings!B4+1)/Settings!B6 | E45: =IFERROR(VLOOKUP($A45,Weekly_Agg!$A:$W,17,FALSE),0) | F45: =F44+E45 | G45: =Settings!$C$20*($A45-Settings!B4+1)/Settings!B6 | H45: =IFERROR(VLOOKUP($A45,Weekly_Agg!$A:$W,16,FALSE),0) | I45: =I44+H45 | J45: =Settings!$C$19*($A45-Settings!B4+1) | K45: =IFERROR(VLOOKUP($A45,Weekly_Agg!$A:$W,12,FALSE),0) | L45: =L44+K45 | M45: =Settings!$C$33*($A45-Settings!B4+1)/Settings!B6 | N45: =Settings!$C$12 | O45: =Settings!$C$34
A46: 46244 | B46: =IFERROR(VLOOKUP($A46,Weekly_Agg!$A:$W,3,FALSE),0) | C46: =C45+B46 | D46: =Settings!$C$11*($A46-Settings!B4+1)/Settings!B6 | E46: =IFERROR(VLOOKUP($A46,Weekly_Agg!$A:$W,17,FALSE),0) | F46: =F45+E46 | G46: =Settings!$C$20*($A46-Settings!B4+1)/Settings!B6 | H46: =IFERROR(VLOOKUP($A46,Weekly_Agg!$A:$W,16,FALSE),0) | I46: =I45+H46 | J46: =Settings!$C$19*($A46-Settings!B4+1) | K46: =IFERROR(VLOOKUP($A46,Weekly_Agg!$A:$W,12,FALSE),0) | L46: =L45+K46 | M46: =Settings!$C$33*($A46-Settings!B4+1)/Settings!B6 | N46: =Settings!$C$12 | O46: =Settings!$C$34
A47: 46251 | B47: =IFERROR(VLOOKUP($A47,Weekly_Agg!$A:$W,3,FALSE),0) | C47: =C46+B47 | D47: =Settings!$C$11*($A47-Settings!B4+1)/Settings!B6 | E47: =IFERROR(VLOOKUP($A47,Weekly_Agg!$A:$W,17,FALSE),0) | F47: =F46+E47 | G47: =Settings!$C$20*($A47-Settings!B4+1)/Settings!B6 | H47: =IFERROR(VLOOKUP($A47,Weekly_Agg!$A:$W,16,FALSE),0) | I47: =I46+H47 | J47: =Settings!$C$19*($A47-Settings!B4+1) | K47: =IFERROR(VLOOKUP($A47,Weekly_Agg!$A:$W,12,FALSE),0) | L47: =L46+K47 | M47: =Settings!$C$33*($A47-Settings!B4+1)/Settings!B6 | N47: =Settings!$C$12 | O47: =Settings!$C$34
A48: 46258 | B48: =IFERROR(VLOOKUP($A48,Weekly_Agg!$A:$W,3,FALSE),0) | C48: =C47+B48 | D48: =Settings!$C$11*($A48-Settings!B4+1)/Settings!B6 | E48: =IFERROR(VLOOKUP($A48,Weekly_Agg!$A:$W,17,FALSE),0) | F48: =F47+E48 | G48: =Settings!$C$20*($A48-Settings!B4+1)/Settings!B6 | H48: =IFERROR(VLOOKUP($A48,Weekly_Agg!$A:$W,16,FALSE),0) | I48: =I47+H48 | J48: =Settings!$C$19*($A48-Settings!B4+1) | K48: =IFERROR(VLOOKUP($A48,Weekly_Agg!$A:$W,12,FALSE),0) | L48: =L47+K48 | M48: =Settings!$C$33*($A48-Settings!B4+1)/Settings!B6 | N48: =Settings!$C$12 | O48: =Settings!$C$34
A49: 46265 | B49: =IFERROR(VLOOKUP($A49,Weekly_Agg!$A:$W,3,FALSE),0) | C49: =C48+B49 | D49: =Settings!$C$11*($A49-Settings!B4+1)/Settings!B6 | E49: =IFERROR(VLOOKUP($A49,Weekly_Agg!$A:$W,17,FALSE),0) | F49: =F48+E49 | G49: =Settings!$C$20*($A49-Settings!B4+1)/Settings!B6 | H49: =IFERROR(VLOOKUP($A49,Weekly_Agg!$A:$W,16,FALSE),0) | I49: =I48+H49 | J49: =Settings!$C$19*($A49-Settings!B4+1) | K49: =IFERROR(VLOOKUP($A49,Weekly_Agg!$A:$W,12,FALSE),0) | L49: =L48+K49 | M49: =Settings!$C$33*($A49-Settings!B4+1)/Settings!B6 | N49: =Settings!$C$12 | O49: =Settings!$C$34
A50: 46272 | B50: =IFERROR(VLOOKUP($A50,Weekly_Agg!$A:$W,3,FALSE),0) | C50: =C49+B50 | D50: =Settings!$C$11*($A50-Settings!B4+1)/Settings!B6 | E50: =IFERROR(VLOOKUP($A50,Weekly_Agg!$A:$W,17,FALSE),0) | F50: =F49+E50 | G50: =Settings!$C$20*($A50-Settings!B4+1)/Settings!B6 | H50: =IFERROR(VLOOKUP($A50,Weekly_Agg!$A:$W,16,FALSE),0) | I50: =I49+H50 | J50: =Settings!$C$19*($A50-Settings!B4+1) | K50: =IFERROR(VLOOKUP($A50,Weekly_Agg!$A:$W,12,FALSE),0) | L50: =L49+K50 | M50: =Settings!$C$33*($A50-Settings!B4+1)/Settings!B6 | N50: =Settings!$C$12 | O50: =Settings!$C$34
A51: 46279 | B51: =IFERROR(VLOOKUP($A51,Weekly_Agg!$A:$W,3,FALSE),0) | C51: =C50+B51 | D51: =Settings!$C$11*($A51-Settings!B4+1)/Settings!B6 | E51: =IFERROR(VLOOKUP($A51,Weekly_Agg!$A:$W,17,FALSE),0) | F51: =F50+E51 | G51: =Settings!$C$20*($A51-Settings!B4+1)/Settings!B6 | H51: =IFERROR(VLOOKUP($A51,Weekly_Agg!$A:$W,16,FALSE),0) | I51: =I50+H51 | J51: =Settings!$C$19*($A51-Settings!B4+1) | K51: =IFERROR(VLOOKUP($A51,Weekly_Agg!$A:$W,12,FALSE),0) | L51: =L50+K51 | M51: =Settings!$C$33*($A51-Settings!B4+1)/Settings!B6 | N51: =Settings!$C$12 | O51: =Settings!$C$34
A52: 46286 | B52: =IFERROR(VLOOKUP($A52,Weekly_Agg!$A:$W,3,FALSE),0) | C52: =C51+B52 | D52: =Settings!$C$11*($A52-Settings!B4+1)/Settings!B6 | E52: =IFERROR(VLOOKUP($A52,Weekly_Agg!$A:$W,17,FALSE),0) | F52: =F51+E52 | G52: =Settings!$C$20*($A52-Settings!B4+1)/Settings!B6 | H52: =IFERROR(VLOOKUP($A52,Weekly_Agg!$A:$W,16,FALSE),0) | I52: =I51+H52 | J52: =Settings!$C$19*($A52-Settings!B4+1) | K52: =IFERROR(VLOOKUP($A52,Weekly_Agg!$A:$W,12,FALSE),0) | L52: =L51+K52 | M52: =Settings!$C$33*($A52-Settings!B4+1)/Settings!B6 | N52: =Settings!$C$12 | O52: =Settings!$C$34
A53: 46293 | B53: =IFERROR(VLOOKUP($A53,Weekly_Agg!$A:$W,3,FALSE),0) | C53: =C52+B53 | D53: =Settings!$C$11*($A53-Settings!B4+1)/Settings!B6 | E53: =IFERROR(VLOOKUP($A53,Weekly_Agg!$A:$W,17,FALSE),0) | F53: =F52+E53 | G53: =Settings!$C$20*($A53-Settings!B4+1)/Settings!B6 | H53: =IFERROR(VLOOKUP($A53,Weekly_Agg!$A:$W,16,FALSE),0) | I53: =I52+H53 | J53: =Settings!$C$19*($A53-Settings!B4+1) | K53: =IFERROR(VLOOKUP($A53,Weekly_Agg!$A:$W,12,FALSE),0) | L53: =L52+K53 | M53: =Settings!$C$33*($A53-Settings!B4+1)/Settings!B6 | N53: =Settings!$C$12 | O53: =Settings!$C$34
A54: 46300 | B54: =IFERROR(VLOOKUP($A54,Weekly_Agg!$A:$W,3,FALSE),0) | C54: =C53+B54 | D54: =Settings!$C$11*($A54-Settings!B4+1)/Settings!B6 | E54: =IFERROR(VLOOKUP($A54,Weekly_Agg!$A:$W,17,FALSE),0) | F54: =F53+E54 | G54: =Settings!$C$20*($A54-Settings!B4+1)/Settings!B6 | H54: =IFERROR(VLOOKUP($A54,Weekly_Agg!$A:$W,16,FALSE),0) | I54: =I53+H54 | J54: =Settings!$C$19*($A54-Settings!B4+1) | K54: =IFERROR(VLOOKUP($A54,Weekly_Agg!$A:$W,12,FALSE),0) | L54: =L53+K54 | M54: =Settings!$C$33*($A54-Settings!B4+1)/Settings!B6 | N54: =Settings!$C$12 | O54: =Settings!$C$34
A55: 46307 | B55: =IFERROR(VLOOKUP($A55,Weekly_Agg!$A:$W,3,FALSE),0) | C55: =C54+B55 | D55: =Settings!$C$11*($A55-Settings!B4+1)/Settings!B6 | E55: =IFERROR(VLOOKUP($A55,Weekly_Agg!$A:$W,17,FALSE),0) | F55: =F54+E55 | G55: =Settings!$C$20*($A55-Settings!B4+1)/Settings!B6 | H55: =IFERROR(VLOOKUP($A55,Weekly_Agg!$A:$W,16,FALSE),0) | I55: =I54+H55 | J55: =Settings!$C$19*($A55-Settings!B4+1) | K55: =IFERROR(VLOOKUP($A55,Weekly_Agg!$A:$W,12,FALSE),0) | L55: =L54+K55 | M55: =Settings!$C$33*($A55-Settings!B4+1)/Settings!B6 | N55: =Settings!$C$12 | O55: =Settings!$C$34
A56: 46314 | B56: =IFERROR(VLOOKUP($A56,Weekly_Agg!$A:$W,3,FALSE),0) | C56: =C55+B56 | D56: =Settings!$C$11*($A56-Settings!B4+1)/Settings!B6 | E56: =IFERROR(VLOOKUP($A56,Weekly_Agg!$A:$W,17,FALSE),0) | F56: =F55+E56 | G56: =Settings!$C$20*($A56-Settings!B4+1)/Settings!B6 | H56: =IFERROR(VLOOKUP($A56,Weekly_Agg!$A:$W,16,FALSE),0) | I56: =I55+H56 | J56: =Settings!$C$19*($A56-Settings!B4+1) | K56: =IFERROR(VLOOKUP($A56,Weekly_Agg!$A:$W,12,FALSE),0) | L56: =L55+K56 | M56: =Settings!$C$33*($A56-Settings!B4+1)/Settings!B6 | N56: =Settings!$C$12 | O56: =Settings!$C$34
A57: 46321 | B57: =IFERROR(VLOOKUP($A57,Weekly_Agg!$A:$W,3,FALSE),0) | C57: =C56+B57 | D57: =Settings!$C$11*($A57-Settings!B4+1)/Settings!B6 | E57: =IFERROR(VLOOKUP($A57,Weekly_Agg!$A:$W,17,FALSE),0) | F57: =F56+E57 | G57: =Settings!$C$20*($A57-Settings!B4+1)/Settings!B6 | H57: =IFERROR(VLOOKUP($A57,Weekly_Agg!$A:$W,16,FALSE),0) | I57: =I56+H57 | J57: =Settings!$C$19*($A57-Settings!B4+1) | K57: =IFERROR(VLOOKUP($A57,Weekly_Agg!$A:$W,12,FALSE),0) | L57: =L56+K57 | M57: =Settings!$C$33*($A57-Settings!B4+1)/Settings!B6 | N57: =Settings!$C$12 | O57: =Settings!$C$34
A58: 46328 | B58: =IFERROR(VLOOKUP($A58,Weekly_Agg!$A:$W,3,FALSE),0) | C58: =C57+B58 | D58: =Settings!$C$11*($A58-Settings!B4+1)/Settings!B6 | E58: =IFERROR(VLOOKUP($A58,Weekly_Agg!$A:$W,17,FALSE),0) | F58: =F57+E58 | G58: =Settings!$C$20*($A58-Settings!B4+1)/Settings!B6 | H58: =IFERROR(VLOOKUP($A58,Weekly_Agg!$A:$W,16,FALSE),0) | I58: =I57+H58 | J58: =Settings!$C$19*($A58-Settings!B4+1) | K58: =IFERROR(VLOOKUP($A58,Weekly_Agg!$A:$W,12,FALSE),0) | L58: =L57+K58 | M58: =Settings!$C$33*($A58-Settings!B4+1)/Settings!B6 | N58: =Settings!$C$12 | O58: =Settings!$C$34
A59: 46335 | B59: =IFERROR(VLOOKUP($A59,Weekly_Agg!$A:$W,3,FALSE),0) | C59: =C58+B59 | D59: =Settings!$C$11*($A59-Settings!B4+1)/Settings!B6 | E59: =IFERROR(VLOOKUP($A59,Weekly_Agg!$A:$W,17,FALSE),0) | F59: =F58+E59 | G59: =Settings!$C$20*($A59-Settings!B4+1)/Settings!B6 | H59: =IFERROR(VLOOKUP($A59,Weekly_Agg!$A:$W,16,FALSE),0) | I59: =I58+H59 | J59: =Settings!$C$19*($A59-Settings!B4+1) | K59: =IFERROR(VLOOKUP($A59,Weekly_Agg!$A:$W,12,FALSE),0) | L59: =L58+K59 | M59: =Settings!$C$33*($A59-Settings!B4+1)/Settings!B6 | N59: =Settings!$C$12 | O59: =Settings!$C$34
A60: 46342 | B60: =IFERROR(VLOOKUP($A60,Weekly_Agg!$A:$W,3,FALSE),0) | C60: =C59+B60 | D60: =Settings!$C$11*($A60-Settings!B4+1)/Settings!B6 | E60: =IFERROR(VLOOKUP($A60,Weekly_Agg!$A:$W,17,FALSE),0) | F60: =F59+E60 | G60: =Settings!$C$20*($A60-Settings!B4+1)/Settings!B6 | H60: =IFERROR(VLOOKUP($A60,Weekly_Agg!$A:$W,16,FALSE),0) | I60: =I59+H60 | J60: =Settings!$C$19*($A60-Settings!B4+1) | K60: =IFERROR(VLOOKUP($A60,Weekly_Agg!$A:$W,12,FALSE),0) | L60: =L59+K60 | M60: =Settings!$C$33*($A60-Settings!B4+1)/Settings!B6 | N60: =Settings!$C$12 | O60: =Settings!$C$34
A61: 46349 | B61: =IFERROR(VLOOKUP($A61,Weekly_Agg!$A:$W,3,FALSE),0) | C61: =C60+B61 | D61: =Settings!$C$11*($A61-Settings!B4+1)/Settings!B6 | E61: =IFERROR(VLOOKUP($A61,Weekly_Agg!$A:$W,17,FALSE),0) | F61: =F60+E61 | G61: =Settings!$C$20*($A61-Settings!B4+1)/Settings!B6 | H61: =IFERROR(VLOOKUP($A61,Weekly_Agg!$A:$W,16,FALSE),0) | I61: =I60+H61 | J61: =Settings!$C$19*($A61-Settings!B4+1) | K61: =IFERROR(VLOOKUP($A61,Weekly_Agg!$A:$W,12,FALSE),0) | L61: =L60+K61 | M61: =Settings!$C$33*($A61-Settings!B4+1)/Settings!B6 | N61: =Settings!$C$12 | O61: =Settings!$C$34
A62: 46356 | B62: =IFERROR(VLOOKUP($A62,Weekly_Agg!$A:$W,3,FALSE),0) | C62: =C61+B62 | D62: =Settings!$C$11*($A62-Settings!B4+1)/Settings!B6 | E62: =IFERROR(VLOOKUP($A62,Weekly_Agg!$A:$W,17,FALSE),0) | F62: =F61+E62 | G62: =Settings!$C$20*($A62-Settings!B4+1)/Settings!B6 | H62: =IFERROR(VLOOKUP($A62,Weekly_Agg!$A:$W,16,FALSE),0) | I62: =I61+H62 | J62: =Settings!$C$19*($A62-Settings!B4+1) | K62: =IFERROR(VLOOKUP($A62,Weekly_Agg!$A:$W,12,FALSE),0) | L62: =L61+K62 | M62: =Settings!$C$33*($A62-Settings!B4+1)/Settings!B6 | N62: =Settings!$C$12 | O62: =Settings!$C$34
A63: 46363 | B63: =IFERROR(VLOOKUP($A63,Weekly_Agg!$A:$W,3,FALSE),0) | C63: =C62+B63 | D63: =Settings!$C$11*($A63-Settings!B4+1)/Settings!B6 | E63: =IFERROR(VLOOKUP($A63,Weekly_Agg!$A:$W,17,FALSE),0) | F63: =F62+E63 | G63: =Settings!$C$20*($A63-Settings!B4+1)/Settings!B6 | H63: =IFERROR(VLOOKUP($A63,Weekly_Agg!$A:$W,16,FALSE),0) | I63: =I62+H63 | J63: =Settings!$C$19*($A63-Settings!B4+1) | K63: =IFERROR(VLOOKUP($A63,Weekly_Agg!$A:$W,12,FALSE),0) | L63: =L62+K63 | M63: =Settings!$C$33*($A63-Settings!B4+1)/Settings!B6 | N63: =Settings!$C$12 | O63: =Settings!$C$34
A64: 46370 | B64: =IFERROR(VLOOKUP($A64,Weekly_Agg!$A:$W,3,FALSE),0) | C64: =C63+B64 | D64: =Settings!$C$11*($A64-Settings!B4+1)/Settings!B6 | E64: =IFERROR(VLOOKUP($A64,Weekly_Agg!$A:$W,17,FALSE),0) | F64: =F63+E64 | G64: =Settings!$C$20*($A64-Settings!B4+1)/Settings!B6 | H64: =IFERROR(VLOOKUP($A64,Weekly_Agg!$A:$W,16,FALSE),0) | I64: =I63+H64 | J64: =Settings!$C$19*($A64-Settings!B4+1) | K64: =IFERROR(VLOOKUP($A64,Weekly_Agg!$A:$W,12,FALSE),0) | L64: =L63+K64 | M64: =Settings!$C$33*($A64-Settings!B4+1)/Settings!B6 | N64: =Settings!$C$12 | O64: =Settings!$C$34
A65: 46377 | B65: =IFERROR(VLOOKUP($A65,Weekly_Agg!$A:$W,3,FALSE),0) | C65: =C64+B65 | D65: =Settings!$C$11*($A65-Settings!B4+1)/Settings!B6 | E65: =IFERROR(VLOOKUP($A65,Weekly_Agg!$A:$W,17,FALSE),0) | F65: =F64+E65 | G65: =Settings!$C$20*($A65-Settings!B4+1)/Settings!B6 | H65: =IFERROR(VLOOKUP($A65,Weekly_Agg!$A:$W,16,FALSE),0) | I65: =I64+H65 | J65: =Settings!$C$19*($A65-Settings!B4+1) | K65: =IFERROR(VLOOKUP($A65,Weekly_Agg!$A:$W,12,FALSE),0) | L65: =L64+K65 | M65: =Settings!$C$33*($A65-Settings!B4+1)/Settings!B6 | N65: =Settings!$C$12 | O65: =Settings!$C$34
A66: 46384 | B66: =IFERROR(VLOOKUP($A66,Weekly_Agg!$A:$W,3,FALSE),0) | C66: =C65+B66 | D66: =Settings!$C$11*($A66-Settings!B4+1)/Settings!B6 | E66: =IFERROR(VLOOKUP($A66,Weekly_Agg!$A:$W,17,FALSE),0) | F66: =F65+E66 | G66: =Settings!$C$20*($A66-Settings!B4+1)/Settings!B6 | H66: =IFERROR(VLOOKUP($A66,Weekly_Agg!$A:$W,16,FALSE),0) | I66: =I65+H66 | J66: =Settings!$C$19*($A66-Settings!B4+1) | K66: =IFERROR(VLOOKUP($A66,Weekly_Agg!$A:$W,12,FALSE),0) | L66: =L65+K66 | M66: =Settings!$C$33*($A66-Settings!B4+1)/Settings!B6 | N66: =Settings!$C$12 | O66: =Settings!$C$34
A72: WeekStart | B72: WorkHours | C72: Target55 | D72: Spike60
A73: 46027 | B73: =IFERROR(VLOOKUP($A73,Weekly_Agg!$A:$W,2,FALSE),"") | C73: =Settings!$C$13 | D73: =Settings!$C$14
A74: 46034 | B74: =IFERROR(VLOOKUP($A74,Weekly_Agg!$A:$W,2,FALSE),"") | C74: =Settings!$C$13 | D74: =Settings!$C$14
A75: 46041 | B75: =IFERROR(VLOOKUP($A75,Weekly_Agg!$A:$W,2,FALSE),"") | C75: =Settings!$C$13 | D75: =Settings!$C$14
A76: 46048 | B76: =IFERROR(VLOOKUP($A76,Weekly_Agg!$A:$W,2,FALSE),"") | C76: =Settings!$C$13 | D76: =Settings!$C$14
A77: 46055 | B77: =IFERROR(VLOOKUP($A77,Weekly_Agg!$A:$W,2,FALSE),"") | C77: =Settings!$C$13 | D77: =Settings!$C$14
A78: 46062 | B78: =IFERROR(VLOOKUP($A78,Weekly_Agg!$A:$W,2,FALSE),"") | C78: =Settings!$C$13 | D78: =Settings!$C$14
A79: 46069 | B79: =IFERROR(VLOOKUP($A79,Weekly_Agg!$A:$W,2,FALSE),"") | C79: =Settings!$C$13 | D79: =Settings!$C$14
A80: 46076 | B80: =IFERROR(VLOOKUP($A80,Weekly_Agg!$A:$W,2,FALSE),"") | C80: =Settings!$C$13 | D80: =Settings!$C$14
A81: 46083 | B81: =IFERROR(VLOOKUP($A81,Weekly_Agg!$A:$W,2,FALSE),"") | C81: =Settings!$C$13 | D81: =Settings!$C$14
A82: 46090 | B82: =IFERROR(VLOOKUP($A82,Weekly_Agg!$A:$W,2,FALSE),"") | C82: =Settings!$C$13 | D82: =Settings!$C$14
A83: 46097 | B83: =IFERROR(VLOOKUP($A83,Weekly_Agg!$A:$W,2,FALSE),"") | C83: =Settings!$C$13 | D83: =Settings!$C$14
A84: 46104 | B84: =IFERROR(VLOOKUP($A84,Weekly_Agg!$A:$W,2,FALSE),"") | C84: =Settings!$C$13 | D84: =Settings!$C$14
... A124: 46384 | B124: =IFERROR(VLOOKUP($A124,Weekly_Agg!$A:$W,2,FALSE),"") | C124: =Settings!$C$13 | D124: =Settings!$C$14

Sheet Dashboard_Charts
A1: Dashboard Charts (plan vs actual)
H2: RelationshipActive? | I2: =IF(COUNTIFS(Raw_Events!$G:$G,"RELATIONSHIP_START")=0,0,IF(MAXIFS(Raw_Events!$C:$C,Raw_Events!$G:$G,"RELATIONSHIP_START")>IF(COUNTIFS(Raw_Events!$G:$G,"RELATIONSHIP_END")=0,DATE(1900,1,1),MAXIFS(Raw_Events!$C:$C,Raw_Events!$G:$G,"RELATIONSHIP_END")),1,0)) | O2: Progress (YTD / targets)
A3: Expenses | H3: As-of date | I3: =Settings!B7 | O3: Metric | P3: Actual | Q3: Target | R3: Pct
A4: WeekStart | B4: WeekExpense | C4: WeeklyCap | D4: CumExpenses | E4: TargetCumExpenses | O4: Expenses (YTD, cap) | P4: =Dashboard!E3 | Q4: =Settings!$C$11 | R4: =IF(Q4=0,"",P4/Q4)
A5: =Dashboard!A15 | B5: =Dashboard!B15 | C5: =Dashboard!N15 | D5: =Dashboard!C15 | E5: =Dashboard!D15 | O5: Cigarettes (YTD, cap) | P5: =Dashboard!E4 | Q5: =Settings!$C$20 | R5: =IF(Q5=0,"",P5/Q5)
A6: =Dashboard!A16 | B6: =Dashboard!B16 | C6: =Dashboard!N16 | D6: =Dashboard!C16 | E6: =Dashboard!D16 | O6: Alcohol avg (std/day, cap) | P6: =Dashboard!E5 | Q6: =Settings!$C$19 | R6: =IF(Q6=0,"",P6/Q6)
A7: =Dashboard!A17 | B7: =Dashboard!B17 | C7: =Dashboard!N17 | D7: =Dashboard!C17 | E7: =Dashboard!D17 | O7: Training hours (YTD) | P7: =Dashboard!E8 | Q7: =Settings!$C$25 | R7: =IF(Q7=0,"",P7/Q7)
A8: =Dashboard!A18 | B8: =Dashboard!B18 | C8: =Dashboard!N18 | D8: =Dashboard!C18 | E8: =Dashboard!D18 | O8: Books finished (YTD) | P8: =COUNTIFS(Raw_Events!$G:$G,"BOOK_FINISHED",Raw_Events!$C:$C,">="&Settings!$B$4,Raw_Events!$C:$C,"<="&Settings!$B$5) | Q8: =Settings!$C$24 | R8: =IF(Q8=0,"",P8/Q8)
A9: =Dashboard!A19 | B9: =Dashboard!B19 | C9: =Dashboard!N19 | D9: =Dashboard!C19 | E9: =Dashboard!D19 | O9: Ideas (YTD) | P9: =Dashboard!E9 | Q9: =Settings!$C$33 | R9: =IF(Q9=0,"",P9/Q9)
A10: =Dashboard!A20 | B10: =Dashboard!B20 | C10: =Dashboard!N20 | D10: =Dashboard!C20 | E10: =Dashboard!D20 | O10: New activities (YTD) | P10: =SUMIFS(Weekly_Agg!$U:$U,Weekly_Agg!$A:$A,">="&Settings!$B$4,Weekly_Agg!$A:$A,"<="&Settings!$B$5) | Q10: =Settings!$C$31 | R10: =IF(Q10=0,"",P10/Q10)
A11: =Dashboard!A21 | B11: =Dashboard!B21 | C11: =Dashboard!N21 | D11: =Dashboard!C21 | E11: =Dashboard!D21 | O11: Travel nights (YTD) | P11: =SUMIFS(Weekly_Agg!$V:$V,Weekly_Agg!$A:$A,">="&Settings!$B$4,Weekly_Agg!$A:$A,"<="&Settings!$B$5) | Q11: =Settings!$C$32 | R11: =IF(Q11=0,"",P11/Q11)
A12: =Dashboard!A22 | B12: =Dashboard!B22 | C12: =Dashboard!N22 | D12: =Dashboard!C22 | E12: =Dashboard!D22 | O12: People met 2+ (Social) | P12: =Dashboard!E10 | Q12: =Settings!$C$35 | R12: =IF(Q12=0,"",P12/Q12)
A13: =Dashboard!A23 | B13: =Dashboard!B23 | C13: =Dashboard!N23 | D13: =Dashboard!C23 | E13: =Dashboard!D23 | O13: People met 5+ (Social) | P13: =Dashboard!E11 | Q13: =Settings!$C$36 | R13: =IF(Q13=0,"",P13/Q13)
A14: =Dashboard!A24 | B14: =Dashboard!B24 | C14: =Dashboard!N24 | D14: =Dashboard!C24 | E14: =Dashboard!D24 | O14: Pro contacts (unique) | P14: =Dashboard!E12 | Q14: =Settings!$C$26 | R14: =IF(Q14=0,"",P14/Q14)
A15: =Dashboard!A25 | B15: =Dashboard!B25 | C15: =Dashboard!N25 | D15: =Dashboard!C25 | E15: =Dashboard!D25 | O15: Sex partners (unique) | P15: =Dashboard!E13 | Q15: =Settings!$C$38 | R15: =IF(Q15=0,"",P15/Q15)
A16: =Dashboard!A26 | B16: =Dashboard!B26 | C16: =Dashboard!N26 | D16: =Dashboard!C26 | E16: =Dashboard!D26 | O16: Unhealthy meals/snacks (YTD, cap) | P16: =SUMIFS(Weekly_Agg!$R:$R,Weekly_Agg!$A:$A,">="&Settings!$B$4,Weekly_Agg!$A:$A,"<="&Settings!$B$5) | Q16: =Settings!$C$21 | R16: =IF(Q16=0,"",P16/Q16)
A17: =Dashboard!A27 | B17: =Dashboard!B27 | C17: =Dashboard!N27 | D17: =Dashboard!C27 | E17: =Dashboard!D27 | O17: Workouts skipped (YTD, cap) | P17: =SUMIFS(Weekly_Agg!$Z:$Z,Weekly_Agg!$A:$A,">="&Settings!$B$4,Weekly_Agg!$A:$A,"<="&Settings!$B$5) | Q17: =Settings!$C$22 | R17: =IF(Q17=0,"",P17/Q17)
A18: =Dashboard!A28 | B18: =Dashboard!B28 | C18: =Dashboard!N28 | D18: =Dashboard!C28 | E18: =Dashboard!D28 | O18: Lean body weight gain (kg) | P18: =IFERROR(LOOKUP(2,1/(Body_Metrics!$C$3:$C$1000<>""),Body_Metrics!$C$3:$C$1000)-INDEX(Body_Metrics!$C$3:$C$1000,MATCH(TRUE,Body_Metrics!$C$3:$C$1000<>"",0)),"") | Q18: =Settings!$C$23 | R18: =IF(Q18=0,"",P18/Q18)
A19: =Dashboard!A29 | B19: =Dashboard!B29 | C19: =Dashboard!N29 | D19: =Dashboard!C29 | E19: =Dashboard!D29
A20: =Dashboard!A30 | B20: =Dashboard!B30 | C20: =Dashboard!N30 | D20: =Dashboard!C30 | E20: =Dashboard!D30
A21: =Dashboard!A31 | B21: =Dashboard!B31 | C21: =Dashboard!N31 | D21: =Dashboard!C31 | E21: =Dashboard!D31
A22: =Dashboard!A32 | B22: =Dashboard!B32 | C22: =Dashboard!N32 | D22: =Dashboard!C32 | E22: =Dashboard!D32
A23: =Dashboard!A33 | B23: =Dashboard!B33 | C23: =Dashboard!N33 | D23: =Dashboard!C33 | E23: =Dashboard!D33
A24: =Dashboard!A34 | B24: =Dashboard!B34 | C24: =Dashboard!N34 | D24: =Dashboard!C34 | E24: =Dashboard!D34
A25: =Dashboard!A35 | B25: =Dashboard!B35 | C25: =Dashboard!N35 | D25: =Dashboard!C35 | E25: =Dashboard!D35
A26: =Dashboard!A36 | B26: =Dashboard!B36 | C26: =Dashboard!N36 | D26: =Dashboard!C36 | E26: =Dashboard!D36
A27: =Dashboard!A37 | B27: =Dashboard!B37 | C27: =Dashboard!N37 | D27: =Dashboard!C37 | E27: =Dashboard!D37
A28: =Dashboard!A38 | B28: =Dashboard!B38 | C28: =Dashboard!N38 | D28: =Dashboard!C38 | E28: =Dashboard!D38
A29: =Dashboard!A39 | B29: =Dashboard!B39 | C29: =Dashboard!N39 | D29: =Dashboard!C39 | E29: =Dashboard!D39
A30: =Dashboard!A40 | B30: =Dashboard!B40 | C30: =Dashboard!N40 | D30: =Dashboard!C40 | E30: =Dashboard!D40
... A56: =Dashboard!A66 | B56: =Dashboard!B66 | C56: =Dashboard!N66 | D56: =Dashboard!C66 | E56: =Dashboard!D66
A60: Cigarettes
A61: WeekStart | B61: WeekCigarettes | C61: CumCigarettes | D61: TargetCumCigs
A62: =Dashboard!A15 | B62: =Dashboard!E15 | C62: =Dashboard!F15 | D62: =Dashboard!G15
A63: =Dashboard!A16 | B63: =Dashboard!E16 | C63: =Dashboard!F16 | D63: =Dashboard!G16
A64: =Dashboard!A17 | B64: =Dashboard!E17 | C64: =Dashboard!F17 | D64: =Dashboard!G17
A65: =Dashboard!A18 | B65: =Dashboard!E18 | C65: =Dashboard!F18 | D65: =Dashboard!G18
A66: =Dashboard!A19 | B66: =Dashboard!E19 | C66: =Dashboard!F19 | D66: =Dashboard!G19
A67: =Dashboard!A20 | B67: =Dashboard!E20 | C67: =Dashboard!F20 | D67: =Dashboard!G20
A68: =Dashboard!A21 | B68: =Dashboard!E21 | C68: =Dashboard!F21 | D68: =Dashboard!G21
A69: =Dashboard!A22 | B69: =Dashboard!E22 | C69: =Dashboard!F22 | D69: =Dashboard!G22
A70: =Dashboard!A23 | B70: =Dashboard!E23 | C70: =Dashboard!F23 | D70: =Dashboard!G23
A71: =Dashboard!A24 | B71: =Dashboard!E24 | C71: =Dashboard!F24 | D71: =Dashboard!G24
A72: =Dashboard!A25 | B72: =Dashboard!E25 | C72: =Dashboard!F25 | D72: =Dashboard!G25
A73: =Dashboard!A26 | B73: =Dashboard!E26 | C73: =Dashboard!F26 | D73: =Dashboard!G26
... A113: =Dashboard!A66 | B113: =Dashboard!E66 | C113: =Dashboard!F66 | D113: =Dashboard!G66
A115: Alcohol
A116: WeekStart | B116: WeekAlcoholStd | C116: CumAlcoholStd | D116: TargetCumAlcoholStd
A117: =Dashboard!A15 | B117: =Dashboard!H15 | C117: =Dashboard!I15 | D117: =Dashboard!J15
A118: =Dashboard!A16 | B118: =Dashboard!H16 | C118: =Dashboard!I16 | D118: =Dashboard!J16
A119: =Dashboard!A17 | B119: =Dashboard!H17 | C119: =Dashboard!I17 | D119: =Dashboard!J17
A120: =Dashboard!A18 | B120: =Dashboard!H18 | C120: =Dashboard!I18 | D120: =Dashboard!J18
A121: =Dashboard!A19 | B121: =Dashboard!H19 | C121: =Dashboard!I19 | D121: =Dashboard!J19
A122: =Dashboard!A20 | B122: =Dashboard!H20 | C122: =Dashboard!I20 | D122: =Dashboard!J20
A123: =Dashboard!A21 | B123: =Dashboard!H21 | C123: =Dashboard!I21 | D123: =Dashboard!J21
A124: =Dashboard!A22 | B124: =Dashboard!H22 | C124: =Dashboard!I22 | D124: =Dashboard!J22
A125: =Dashboard!A23 | B125: =Dashboard!H23 | C125: =Dashboard!I23 | D125: =Dashboard!J23
A126: =Dashboard!A24 | B126: =Dashboard!H24 | C126: =Dashboard!I24 | D126: =Dashboard!J24
A127: =Dashboard!A25 | B127: =Dashboard!H25 | C127: =Dashboard!I25 | D127: =Dashboard!J25
A128: =Dashboard!A26 | B128: =Dashboard!H26 | C128: =Dashboard!I26 | D128: =Dashboard!J26
... A168: =Dashboard!A66 | B168: =Dashboard!H66 | C168: =Dashboard!I66 | D168: =Dashboard!J66
A170: Ideas
A171: WeekStart | B171: WeekIdeas | C171: WeeklyTarget | D171: CumIdeas | E171: TargetCumIdeas
A172: =Dashboard!A15 | B172: =Dashboard!K15 | C172: =Dashboard!O15 | D172: =Dashboard!L15 | E172: =Dashboard!M15
A173: =Dashboard!A16 | B173: =Dashboard!K16 | C173: =Dashboard!O16 | D173: =Dashboard!L16 | E173: =Dashboard!M16
A174: =Dashboard!A17 | B174: =Dashboard!K17 | C174: =Dashboard!O17 | D174: =Dashboard!L17 | E174: =Dashboard!M17
A175: =Dashboard!A18 | B175: =Dashboard!K18 | C175: =Dashboard!O18 | D175: =Dashboard!L18 | E175: =Dashboard!M18
A176: =Dashboard!A19 | B176: =Dashboard!K19 | C176: =Dashboard!O19 | D176: =Dashboard!L19 | E176: =Dashboard!M19
A177: =Dashboard!A20 | B177: =Dashboard!K20 | C177: =Dashboard!O20 | D177: =Dashboard!L20 | E177: =Dashboard!M20
A178: =Dashboard!A21 | B178: =Dashboard!K21 | C178: =Dashboard!O21 | D178: =Dashboard!L21 | E178: =Dashboard!M21
A179: =Dashboard!A22 | B179: =Dashboard!K22 | C179: =Dashboard!O22 | D179: =Dashboard!L22 | E179: =Dashboard!M22
A180: =Dashboard!A23 | B180: =Dashboard!K23 | C180: =Dashboard!O23 | D180: =Dashboard!L23 | E180: =Dashboard!M23
A181: =Dashboard!A24 | B181: =Dashboard!K24 | C181: =Dashboard!O24 | D181: =Dashboard!L24 | E181: =Dashboard!M24
A182: =Dashboard!A25 | B182: =Dashboard!K25 | C182: =Dashboard!O25 | D182: =Dashboard!L25 | E182: =Dashboard!M25
A183: =Dashboard!A26 | B183: =Dashboard!K26 | C183: =Dashboard!O26 | D183: =Dashboard!L26 | E183: =Dashboard!M26
... A223: =Dashboard!A66 | B223: =Dashboard!K66 | C223: =Dashboard!O66 | D223: =Dashboard!L66 | E223: =Dashboard!M66
A235: Training
A236: WeekStart | B236: CumTrainingHours | C236: TargetCumTrainingHours
A237: =Dashboard!A15 | B237: =SUMIFS(Weekly_Agg!$K:$K,Weekly_Agg!$A:$A,">="&Settings!$B$4,Weekly_Agg!$A:$A,"<="&A237)/60 | C237: =Settings!$C$25*(A237-Settings!$B$4+1)/Settings!$B$6
A238: =Dashboard!A16 | B238: =SUMIFS(Weekly_Agg!$K:$K,Weekly_Agg!$A:$A,">="&Settings!$B$4,Weekly_Agg!$A:$A,"<="&A238)/60 | C238: =Settings!$C$25*(A238-Settings!$B$4+1)/Settings!$B$6
A239: =Dashboard!A17 | B239: =SUMIFS(Weekly_Agg!$K:$K,Weekly_Agg!$A:$A,">="&Settings!$B$4,Weekly_Agg!$A:$A,"<="&A239)/60 | C239: =Settings!$C$25*(A239-Settings!$B$4+1)/Settings!$B$6
A240: =Dashboard!A18 | B240: =SUMIFS(Weekly_Agg!$K:$K,Weekly_Agg!$A:$A,">="&Settings!$B$4,Weekly_Agg!$A:$A,"<="&A240)/60 | C240: =Settings!$C$25*(A240-Settings!$B$4+1)/Settings!$B$6
A241: =Dashboard!A19 | B241: =SUMIFS(Weekly_Agg!$K:$K,Weekly_Agg!$A:$A,">="&Settings!$B$4,Weekly_Agg!$A:$A,"<="&A241)/60 | C241: =Settings!$C$25*(A241-Settings!$B$4+1)/Settings!$B$6
A242: =Dashboard!A20 | B242: =SUMIFS(Weekly_Agg!$K:$K,Weekly_Agg!$A:$A,">="&Settings!$B$4,Weekly_Agg!$A:$A,"<="&A242)/60 | C242: =Settings!$C$25*(A242-Settings!$B$4+1)/Settings!$B$6
A243: =Dashboard!A21 | B243: =SUMIFS(Weekly_Agg!$K:$K,Weekly_Agg!$A:$A,">="&Settings!$B$4,Weekly_Agg!$A:$A,"<="&A243)/60 | C243: =Settings!$C$25*(A243-Settings!$B$4+1)/Settings!$B$6
A244: =Dashboard!A22 | B244: =SUMIFS(Weekly_Agg!$K:$K,Weekly_Agg!$A:$A,">="&Settings!$B$4,Weekly_Agg!$A:$A,"<="&A244)/60 | C244: =Settings!$C$25*(A244-Settings!$B$4+1)/Settings!$B$6
A245: =Dashboard!A23 | B245: =SUMIFS(Weekly_Agg!$K:$K,Weekly_Agg!$A:$A,">="&Settings!$B$4,Weekly_Agg!$A:$A,"<="&A245)/60 | C245: =Settings!$C$25*(A245-Settings!$B$4+1)/Settings!$B$6
A246: =Dashboard!A24 | B246: =SUMIFS(Weekly_Agg!$K:$K,Weekly_Agg!$A:$A,">="&Settings!$B$4,Weekly_Agg!$A:$A,"<="&A246)/60 | C246: =Settings!$C$25*(A246-Settings!$B$4+1)/Settings!$B$6
A247: =Dashboard!A25 | B247: =SUMIFS(Weekly_Agg!$K:$K,Weekly_Agg!$A:$A,">="&Settings!$B$4,Weekly_Agg!$A:$A,"<="&A247)/60 | C247: =Settings!$C$25*(A247-Settings!$B$4+1)/Settings!$B$6
A248: =Dashboard!A26 | B248: =SUMIFS(Weekly_Agg!$K:$K,Weekly_Agg!$A:$A,">="&Settings!$B$4,Weekly_Agg!$A:$A,"<="&A248)/60 | C248: =Settings!$C$25*(A248-Settings!$B$4+1)/Settings!$B$6
... A288: =Dashboard!A66 | B288: =SUMIFS(Weekly_Agg!$K:$K,Weekly_Agg!$A:$A,">="&Settings!$B$4,Weekly_Agg!$A:$A,"<="&A288)/60 | C288: =Settings!$C$25*(A288-Settings!$B$4+1)/Settings!$B$6
A300: Travel & New Activities
A301: WeekStart | B301: CumNewActivities | C301: TargetCumNewActivities | D301: CumTravelNights | E301: TargetCumTravelNights
A302: =Dashboard!A15 | B302: =SUMIFS(Weekly_Agg!$U:$U,Weekly_Agg!$A:$A,">="&Settings!$B$4,Weekly_Agg!$A:$A,"<="&A302) | C302: =Settings!$C$31*(A302-Settings!$B$4+1)/Settings!$B$6 | D302: =SUMIFS(Weekly_Agg!$V:$V,Weekly_Agg!$A:$A,">="&Settings!$B$4,Weekly_Agg!$A:$A,"<="&A302) | E302: =Settings!$C$32*(A302-Settings!$B$4+1)/Settings!$B$6
A303: =Dashboard!A16 | B303: =SUMIFS(Weekly_Agg!$U:$U,Weekly_Agg!$A:$A,">="&Settings!$B$4,Weekly_Agg!$A:$A,"<="&A303) | C303: =Settings!$C$31*(A303-Settings!$B$4+1)/Settings!$B$6 | D303: =SUMIFS(Weekly_Agg!$V:$V,Weekly_Agg!$A:$A,">="&Settings!$B$4,Weekly_Agg!$A:$A,"<="&A303) | E303: =Settings!$C$32*(A303-Settings!$B$4+1)/Settings!$B$6
A304: =Dashboard!A17 | B304: =SUMIFS(Weekly_Agg!$U:$U,Weekly_Agg!$A:$A,">="&Settings!$B$4,Weekly_Agg!$A:$A,"<="&A304) | C304: =Settings!$C$31*(A304-Settings!$B$4+1)/Settings!$B$6 | D304: =SUMIFS(Weekly_Agg!$V:$V,Weekly_Agg!$A:$A,">="&Settings!$B$4,Weekly_Agg!$A:$A,"<="&A304) | E304: =Settings!$C$32*(A304-Settings!$B$4+1)/Settings!$B$6
A305: =Dashboard!A18 | B305: =SUMIFS(Weekly_Agg!$U:$U,Weekly_Agg!$A:$A,">="&Settings!$B$4,Weekly_Agg!$A:$A,"<="&A305) | C305: =Settings!$C$31*(A305-Settings!$B$4+1)/Settings!$B$6 | D305: =SUMIFS(Weekly_Agg!$V:$V,Weekly_Agg!$A:$A,">="&Settings!$B$4,Weekly_Agg!$A:$A,"<="&A305) | E305: =Settings!$C$32*(A305-Settings!$B$4+1)/Settings!$B$6
A306: =Dashboard!A19 | B306: =SUMIFS(Weekly_Agg!$U:$U,Weekly_Agg!$A:$A,">="&Settings!$B$4,Weekly_Agg!$A:$A,"<="&A306) | C306: =Settings!$C$31*(A306-Settings!$B$4+1)/Settings!$B$6 | D306: =SUMIFS(Weekly_Agg!$V:$V,Weekly_Agg!$A:$A,">="&Settings!$B$4,Weekly_Agg!$A:$A,"<="&A306) | E306: =Settings!$C$32*(A306-Settings!$B$4+1)/Settings!$B$6
A307: =Dashboard!A20 | B307: =SUMIFS(Weekly_Agg!$U:$U,Weekly_Agg!$A:$A,">="&Settings!$B$4,Weekly_Agg!$A:$A,"<="&A307) | C307: =Settings!$C$31*(A307-Settings!$B$4+1)/Settings!$B$6 | D307: =SUMIFS(Weekly_Agg!$V:$V,Weekly_Agg!$A:$A,">="&Settings!$B$4,Weekly_Agg!$A:$A,"<="&A307) | E307: =Settings!$C$32*(A307-Settings!$B$4+1)/Settings!$B$6
A308: =Dashboard!A21 | B308: =SUMIFS(Weekly_Agg!$U:$U,Weekly_Agg!$A:$A,">="&Settings!$B$4,Weekly_Agg!$A:$A,"<="&A308) | C308: =Settings!$C$31*(A308-Settings!$B$4+1)/Settings!$B$6 | D308: =SUMIFS(Weekly_Agg!$V:$V,Weekly_Agg!$A:$A,">="&Settings!$B$4,Weekly_Agg!$A:$A,"<="&A308) | E308: =Settings!$C$32*(A308-Settings!$B$4+1)/Settings!$B$6
...

Sheet Milestones
A1: Milestones (from 2026 plan)
A2: Quarter | B2: Area | C2: Milestone | D2: DueDate | E2: CompletionCriteria | F2: AutoComplete?(1/0) | G2: ManualComplete?(1/0) | H2: Status | I2: CompletedDate | J2: Notes | K2: PlanRef
A3: 2026-Q2 | B3: Finance | C3: Open new foreign bank card | D3: =DATE(2026,7,31) | E3: Manual completion (opened by July 2026). | H3: =IF($G3=1,"Done",IF($F3=1,"Done","Open")) | K3: Due by July 2026
A4: 2026-Q1 | B4: Social | C4: Wardrobe plan executed | D4: =DATE(2026,3,31) | E4: Manual completion. | H4: =IF($G4=1,"Done",IF($F4=1,"Done","Open")) | K4: Q1
A5: 2026-Q1 | B5: Social | C5: Join 2 recurring communities + attend 6–8 sessions | D5: =DATE(2026,3,31) | E5: COMMUNITY_SESSION count in Q1 >=6 (unique communities tracked via tags; manual check for 2 communities). | F5: =IF(COUNTIFS(Raw_Events!$G:$G,"COMMUNITY_SESSION",Raw_Events!$C:$C,">="&DATE(2026,1,1),Raw_Events!$C:$C,"<="&DATE(2026,3,31))>=6,1,0) | H5: =IF($G5=1,"Done",IF($F5=1,"Done","Open")) | K5: Q1
A6: 2026-Q1 | B6: Social | C6: Meet 10–20 new people | D6: =DATE(2026,3,31) | E6: New Social people (People.FirstMet) in Q1 >=10. | F6: =IF(COUNTIFS(People!$C$3:$C$500,"Social",People!$D$3:$D$500,">="&DATE(2026,1,1),People!$D$3:$D$500,"<="&DATE(2026,3,31))>=10,1,0) | H6: =IF($G6=1,"Done",IF($F6=1,"Done","Open")) | K6: Q1
A7: 2026-Q1 | B7: Social | C7: Convert 4–6 into 2nd meetings | D7: =DATE(2026,3,31) | E7: Social people first met in Q1 with Meetings2026>=2 >=4. | F7: =IF(SUMPRODUCT(--(People!$C$3:$C$500="Social"),--(People!$D$3:$D$500>=DATE(2026,1,1)),--(People!$D$3:$D$500<=DATE(2026,3,31)),--(People!$F$3:$F$500>=2))>=4,1,0) | H7: =IF($G7=1,"Done",IF($F7=1,"Done","Open")) | K7: Q1
A8: 2026-Q2 | B8: Social | C8: Living situation invite-ready | D8: =DATE(2026,6,30) | E8: Manual completion. | H8: =IF($G8=1,"Done",IF($F8=1,"Done","Open")) | K8: Q2
A9: 2026-Q2 | B9: Social | C9: Identify 8 friend-candidates | D9: =DATE(2026,6,30) | E9: Manual completion. | H9: =IF($G9=1,"Done",IF($F9=1,"Done","Open")) | K9: Q2
A10: 2026-Q2 | B10: Social | C10: Host/organize 2 events | D10: =DATE(2026,6,30) | E10: HOSTED_EVENT count in Q2 >=2. | F10: =IF(COUNTIFS(Raw_Events!$G:$G,"HOSTED_EVENT",Raw_Events!$C:$C,">="&DATE(2026,4,1),Raw_Events!$C:$C,"<="&DATE(2026,6,30))>=2,1,0) | H10: =IF($G10=1,"Done",IF($F10=1,"Done","Open")) | K10: Q2
A11: 2026-Q2 | B11: Social | C11: Reach cumulative 10–12 people met 2+ times | D11: =DATE(2026,6,30) | E11: People met 2+ times (Social) >=10. | F11: =IF(COUNTIFS(People!$C$3:$C$500,"Social",People!$F$3:$F$500,">=2")>=10,1,0) | H11: =IF($G11=1,"Done",IF($F11=1,"Done","Open")) | K11: Q2
A12: 2026-Q3 | B12: Social | C12: 5 core candidates seen at least monthly | D12: =DATE(2026,9,30) | E12: Manual completion. | H12: =IF($G12=1,"Done",IF($F12=1,"Done","Open")) | K12: Q3
A13: 2026-Q3 | B13: Social | C13: Reach cumulative 15+ people met 2+ times | D13: =DATE(2026,9,30) | E13: People met 2+ times (Social) >=15. | F13: =IF(COUNTIFS(People!$C$3:$C$500,"Social",People!$F$3:$F$500,">=2")>=15,1,0) | H13: =IF($G13=1,"Done",IF($F13=1,"Done","Open")) | K13: Q3
A14: 2026-Q4 | B14: Social | C14: 5 people hit 5+ meetings threshold | D14: =DATE(2026,12,31) | E14: People met 5+ times (Social) >=5. | F14: =IF(COUNTIFS(People!$C$3:$C$500,"Social",People!$F$3:$F$500,">=5")>=5,1,0) | H14: =IF($G14=1,"Done",IF($F14=1,"Done","Open")) | K14: Q4
A15: 2026-Q4 | B15: Social | C15: Run 2 hosted events (Q4) | D15: =DATE(2026,12,31) | E15: HOSTED_EVENT count in Q4 >=2. | F15: =IF(COUNTIFS(Raw_Events!$G:$G,"HOSTED_EVENT",Raw_Events!$C:$C,">="&DATE(2026,10,1),Raw_Events!$C:$C,"<="&DATE(2026,12,31))>=2,1,0) | H15: =IF($G15=1,"Done",IF($F15=1,"Done","Open")) | K15: Q4
A16: 2026-Q1 | B16: Dating | C16: Wardrobe plan executed; grooming baseline stable | D16: =DATE(2026,3,31) | E16: Manual completion. | H16: =IF($G16=1,"Done",IF($F16=1,"Done","Open")) | K16: Q1
A17: 2026-Q1 | B17: Dating | C17: Photos planned/booked | D17: =DATE(2026,3,31) | E17: Manual completion. | H17: =IF($G17=1,"Done",IF($F17=1,"Done","Open")) | K17: Q1
A18: 2026-Q1 | B18: Dating | C18: Partner filter + deal-breakers + first-date plan defined | D18: =DATE(2026,3,31) | E18: Manual completion. | H18: =IF($G18=1,"Done",IF($F18=1,"Done","Open")) | K18: Q1
A19: 2026-Q1 | B19: Dating | C19: Ex-boundary plan written and started | D19: =DATE(2026,3,31) | E19: Manual completion. | H19: =IF($G19=1,"Done",IF($F19=1,"Done","Open")) | K19: Q1
A20: 2026-Q2 | B20: Dating | C20: Profile live + messaging rhythm established by May | D20: =DATE(2026,5,31) | E20: Manual completion. | H20: =IF($G20=1,"Done",IF($F20=1,"Done","Open")) | K20: Q2
A21: 2026-Q2 | B21: Dating | C21: Calendar locked for 2 dates/week starting June | D21: =DATE(2026,6,30) | E21: Manual completion. | H21: =IF($G21=1,"Done",IF($F21=1,"Done","Open")) | K21: Q2
A22: 2026-Q2 | B22: Dating | C22: June target: 8 dates | D22: =DATE(2026,6,30) | E22: Monthly_Agg June dates >=8 (unless stop condition). | F22: =IFERROR(IF(VLOOKUP(DATE(2026,6,1),Monthly_Agg!$A:$N,9,FALSE)>=8,1,0),0) | H22: =IF($G22=1,"Done",IF($F22=1,"Done","Open")) | K22: Q2
A23: 2026-Q3 | B23: Dating | C23: At least 1 new sex partner (cumulative) | D23: =DATE(2026,9,30) | E23: Distinct Sex partners >=1. | F23: =IF(COUNTIFS(People!$H$3:$H$500,">=1")>=1,1,0) | H23: =IF($G23=1,"Done",IF($F23=1,"Done","Open")) | K23: Q3
A24: 2026-Q4 | B24: Dating | C24: 3 new sex partners (cumulative) | D24: =DATE(2026,12,31) | E24: Distinct Sex partners >=3 (stop upon relationship). | F24: =IF(COUNTIFS(People!$H$3:$H$500,">=1")>=3,1,0) | H24: =IF($G24=1,"Done",IF($F24=1,"Done","Open")) | K24: Q4
A25: 2026-Q4 | B25: Dating | C25: Relationship >3 months (if found) | D25: =DATE(2026,12,31) | E25: Duration between RELATIONSHIP_START and end/today >=90 days. | F25: =IF(COUNTIFS(Raw_Events!$G:$G,"RELATIONSHIP_START")=0,0,IF(IF(COUNTIFS(Raw_Events!$G:$G,"RELATIONSHIP_END")=0,TODAY(),MAXIFS(Raw_Events!$C:$C,Raw_Events!$G:$G,"RELATIONSHIP_END"))-MAXIFS(Raw_Events!$C:$C,Raw_Events!$G:$G,"RELATIONSHIP_START")>=90,1,0)) | H25: =IF($G25=1,"Done",IF($F25=1,"Done","Open")) | K25: Q4
A26: 2026-Q1 | B26: Career | C26: Training started; 15 hours logged (cum) | D26: =DATE(2026,3,31) | E26: Training hours cumulative >=15. | F26: =IF(Quarterly_Agg!$D$3>=15,1,0) | H26: =IF($G26=1,"Done",IF($F26=1,"Done","Open")) | K26: Q1
A27: 2026-Q2 | B27: Career | C27: 45 hours training logged (cum) | D27: =DATE(2026,6,30) | E27: Training hours cumulative >=45. | F27: =IF(Quarterly_Agg!$D$4>=45,1,0) | H27: =IF($G27=1,"Done",IF($F27=1,"Done","Open")) | K27: Q2
A28: 2026-Q3 | B28: Career | C28: 75 hours training logged (cum) | D28: =DATE(2026,9,30) | E28: Training hours cumulative >=75. | F28: =IF(Quarterly_Agg!$D$5>=75,1,0) | H28: =IF($G28=1,"Done",IF($F28=1,"Done","Open")) | K28: Q3
A29: 2026-Q4 | B29: Career | C29: 100 hours training complete (cum) | D29: =DATE(2026,12,31) | E29: Training hours cumulative >=100. | F29: =IF(Quarterly_Agg!$D$6>=100,1,0) | H29: =IF($G29=1,"Done",IF($F29=1,"Done","Open")) | K29: Q4
A30: 2026-Q1 | B30: Career | C30: Record baseline voice sample | D30: =DATE(2026,3,31) | E30: VOICE_SAMPLE exists in Q1. | F30: =IF(COUNTIFS(Raw_Events!$G:$G,"VOICE_SAMPLE",Raw_Events!$C:$C,">="&DATE(2026,1,1),Raw_Events!$C:$C,"<="&DATE(2026,3,31))>=1,1,0) | H30: =IF($G30=1,"Done",IF($F30=1,"Done","Open")) | K30: Q1
A31: 2026-Q1 | B31: Career | C31: Origination list (10 ideas) + stakeholder conversations | D31: =DATE(2026,3,31) | E31: INITIATIVE_IDEA ytd>=10 AND STAKEHOLDER_CHAT in Q1>=1. | F31: =IF(AND(COUNTIFS(Raw_Events!$G:$G,"INITIATIVE_IDEA",Raw_Events!$C:$C,">="&Settings!$B$4,Raw_Events!$C:$C,"<="&DATE(2026,3,31))>=10,COUNTIFS(Raw_Events!$G:$G,"STAKEHOLDER_CHAT",Raw_Events!$C:$C,">="&DATE(2026,1,1),Raw_Events!$C:$C,"<="&DATE(2026,3,31))>=1),1,0) | H31: =IF($G31=1,"Done",IF($F31=1,"Done","Open")) | K31: Q1
